customer_id,signup_ts,country,segment,marketing_opt_in
C000001,2026-01-08 16:13:47.159993,VN,bronze,True
C000002,2026-05-11 22:09:21.159993,KR,bronze,True
C000003,2026-04-20 10:24:53.159993,VN,bronze,False
C000004,2026-03-12 14:37:14.159993,VN,bronze,False
C000005,2026-03-11 13:17:29.159993,VN,bronze,True
C000006,2026-05-27 03:48:31.159993,VN,bronze,True
C000007,2026-01-08 01:57:03.159993,VN,silver,False
C000008,2026-04-28 03:17:44.159993,VN,bronze,False
C000009,2026-01-28 21:00:51.159993,VN,bronze,True
C000010,2026-01-09 13:30:43.159993,VN,silver,True
C000011,2026-03-28 09:03:18.159993,VN,gold,True
C000012,2026-06-17 05:21:15.159993,VN,bronze,True
C000013,2026-05-05 01:06:57.159993,VN,gold,True
C000014,2026-05-09 14:47:21.159993,VN,silver,True
C000015,2026-05-01 18:10:03.159993,VN,silver,True
C000016,2026-05-14 02:27:49.159993,VN,silver,False
C000017,2026-03-25 23:48:16.159993,VN,silver,True
C000018,2026-01-15 16:07:00.159993,JP,bronze,True
C000019,2026-05-23 18:22:41.159993,VN,gold,True
C000020,2026-03-14 16:19:59.159993,VN,bronze,True
C000021,2026-03-23 16:11:09.159993,VN,bronze,True
C000022,2026-02-28 08:30:47.159993,VN,silver,True
C000023,2026-01-25 11:16:48.159993,VN,silver,True
C000024,2026-06-08 10:17:26.159993,VN,bronze,True
C000025,2026-05-13 07:02:14.159993,VN,silver,False
C000026,2026-04-18 12:09:47.159993,VN,silver,True
C000027,2026-03-06 01:05:45.159993,VN,bronze,False
C000028,2026-05-20 16:59:45.159993,VN,bronze,False
C000029,2026-03-31 18:55:10.159993,VN,bronze,False
C000030,2026-03-13 10:12:54.159993,VN,silver,True
C000031,2026-03-14 16:39:03.159993,VN,bronze,True
C000032,2026-02-02 12:20:13.159993,VN,bronze,True
C000033,2026-01-09 04:41:34.159993,VN,silver,True
C000034,2026-04-02 10:28:19.159993,VN,bronze,True
C000035,2026-06-01 10:20:59.159993,VN,gold,False
C000036,2026-01-04 02:21:22.159993,VN,silver,True
C000037,2026-05-27 02:29:03.159993,VN,bronze,False
C000038,2026-05-21 14:01:56.159993,VN,silver,True
C000039,2026-02-11 10:16:03.159993,VN,silver,True
C000040,2026-04-16 07:27:21.159993,VN,bronze,True
C000041,2026-01-22 08:27:19.159993,VN,bronze,True
C000042,2026-05-09 01:36:17.159993,VN,bronze,True
C000043,2026-04-28 16:55:30.159993,VN,bronze,True
C000044,2026-02-25 10:13:04.159993,VN,bronze,True
C000045,2026-01-04 20:04:48.159993,VN,silver,True
C000046,2026-06-16 08:04:52.159993,VN,bronze,True
C000047,2026-03-13 20:02:08.159993,VN,silver,False
C000048,2026-06-02 08:56:56.159993,VN,gold,True
C000049,2026-04-24 15:16:33.159993,VN,bronze,True
C000050,2026-05-12 17:16:57.159993,VN,bronze,True
C000051,2026-05-09 09:25:53.159993,VN,bronze,True
C000052,2026-01-27 15:30:18.159993,VN,silver,True
C000053,2026-02-27 02:44:23.159993,VN,silver,True
C000054,2026-03-17 14:54:02.159993,VN,bronze,False
C000055,2026-03-23 05:07:31.159993,VN,gold,True
C000056,2025-12-31 11:53:53.159993,VN,silver,True
C000057,2026-03-31 23:50:45.159993,JP,silver,True
C000058,2026-01-20 09:11:47.159993,VN,bronze,True
C000059,2026-05-06 10:02:59.159993,VN,bronze,True
C000060,2026-04-25 13:26:14.159993,VN,bronze,True
C000061,2026-06-07 15:59:09.159993,CN,gold,True
C000062,2026-05-06 16:02:18.159993,VN,silver,True
C000063,2026-02-27 14:33:43.159993,VN,bronze,False
C000064,2026-06-15 18:18:28.159993,US,bronze,True
C000065,2026-03-07 13:32:21.159993,VN,bronze,True
C000066,2026-02-20 06:13:52.159993,VN,bronze,True
C000067,2026-06-04 14:34:49.159993,VN,bronze,True
C000068,2026-02-28 07:03:06.159993,VN,gold,True
C000069,2026-01-06 08:28:06.159993,VN,silver,True
C000070,2026-03-18 03:08:48.159993,VN,bronze,False
C000071,2026-05-15 20:00:11.159993,VN,silver,True
C000072,2026-01-26 17:10:55.159993,VN,bronze,True
C000073,2026-03-16 22:34:08.159993,VN,bronze,False
C000074,2026-01-15 23:55:36.159993,VN,bronze,False
C000075,2026-04-26 04:15:06.159993,VN,bronze,True
C000076,2026-03-19 05:42:40.159993,VN,bronze,True
C000077,2026-02-21 01:06:50.159993,VN,bronze,True
C000078,2026-02-02 10:54:51.159993,VN,bronze,False
C000079,2026-04-04 05:18:19.159993,CN,bronze,True
C000080,2026-04-23 04:15:44.159993,VN,silver,False
C000081,2026-06-10 20:47:17.159993,VN,bronze,True
C000082,2026-03-12 07:09:43.159993,VN,bronze,False
C000083,2026-01-21 12:50:19.159993,VN,silver,True
C000084,2026-05-22 11:50:08.159993,VN,silver,True
C000085,2026-04-15 23:14:51.159993,VN,bronze,True
C000086,2026-04-28 15:48:39.159993,JP,bronze,True
C000087,2026-01-10 02:41:05.159993,VN,silver,True
C000088,2026-02-17 20:05:23.159993,VN,silver,True
C000089,2026-05-10 19:45:05.159993,VN,silver,True
C000090,2026-05-22 10:01:41.159993,VN,gold,True
C000091,2026-03-11 22:48:06.159993,VN,bronze,False
C000092,2026-05-17 11:14:52.159993,VN,bronze,False
C000093,2026-05-24 02:46:28.159993,JP,silver,True
C000094,2026-03-03 08:34:20.159993,VN,bronze,True
C000095,2026-06-03 06:24:15.159993,VN,gold,True
C000096,2026-02-13 12:14:35.159993,VN,silver,False
C000097,2026-02-04 17:33:19.159993,VN,bronze,True
C000098,2026-04-25 11:02:47.159993,VN,bronze,True
C000099,2026-04-17 05:28:36.159993,VN,bronze,False
C000100,2026-01-17 18:23:47.159993,VN,bronze,False
C000101,2026-05-22 12:05:18.159993,US,bronze,True
C000102,2026-01-28 14:16:09.159993,VN,bronze,True
C000103,2026-05-17 11:49:48.159993,VN,bronze,True
C000104,2025-12-24 22:28:15.159993,VN,bronze,False
C000105,2026-05-16 01:01:32.159993,VN,bronze,True
C000106,2026-05-14 06:10:44.159993,VN,bronze,True
C000107,2026-05-13 01:50:22.159993,KR,bronze,True
C000108,2026-04-22 06:49:17.159993,VN,silver,True
C000109,2026-03-18 11:50:09.159993,VN,bronze,True
C000110,2026-04-29 12:58:48.159993,VN,bronze,True
C000111,2026-02-11 11:49:52.159993,VN,bronze,False
C000112,2026-05-13 03:24:54.159993,VN,bronze,False
C000113,2026-04-02 15:03:38.159993,VN,bronze,True
C000114,2026-03-16 05:10:55.159993,VN,bronze,False
C000115,2026-03-24 14:53:05.159993,VN,silver,True
C000116,2026-04-04 23:37:40.159993,VN,bronze,True
C000117,2025-12-30 07:38:20.159993,VN,bronze,True
C000118,2026-01-17 18:35:19.159993,VN,silver,False
C000119,2026-02-05 19:08:40.159993,CN,silver,False
C000120,2026-01-13 05:26:08.159993,VN,gold,False
C000121,2026-03-12 17:47:47.159993,VN,bronze,False
C000122,2026-04-22 22:09:59.159993,VN,bronze,False
C000123,2026-04-20 09:47:54.159993,VN,bronze,True
C000124,2026-03-18 09:48:05.159993,VN,bronze,False
C000125,2026-05-26 12:36:41.159993,VN,bronze,True
C000126,2026-04-04 08:29:08.159993,VN,bronze,True
C000127,2026-01-06 20:47:55.159993,VN,bronze,True
C000128,2026-05-10 07:27:39.159993,VN,gold,True
C000129,2026-04-06 00:56:25.159993,VN,bronze,True
C000130,2026-04-16 20:38:56.159993,VN,bronze,True
C000131,2026-04-04 09:04:42.159993,VN,bronze,True
C000132,2026-04-02 06:07:43.159993,VN,bronze,True
C000133,2026-01-08 21:54:46.159993,VN,gold,False
C000134,2026-04-03 06:26:26.159993,VN,silver,True
C000135,2026-05-15 16:41:18.159993,CN,gold,True
C000136,2026-02-16 07:43:48.159993,VN,silver,True
C000137,2026-04-11 02:55:37.159993,VN,bronze,True
C000138,2025-12-29 03:47:55.159993,US,bronze,True
C000139,2026-02-24 03:51:44.159993,VN,bronze,False
C000140,2026-03-12 05:17:05.159993,VN,bronze,True
C000141,2026-06-18 12:05:44.159993,VN,bronze,False
C000142,2026-01-31 05:40:17.159993,VN,bronze,False
C000143,2026-02-11 09:21:16.159993,VN,gold,True
C000144,2026-03-07 03:30:34.159993,VN,silver,False
C000145,2026-06-20 06:58:52.159993,VN,bronze,True
C000146,2026-05-26 05:22:01.159993,VN,bronze,False
C000147,2025-12-29 20:32:21.159993,VN,gold,False
C000148,2026-02-03 17:17:03.159993,VN,bronze,False
C000149,2026-05-20 12:17:58.159993,US,bronze,True
C000150,2026-01-03 02:32:01.159993,VN,gold,False
C000151,2026-05-26 15:09:50.159993,VN,bronze,False
C000152,2026-02-12 06:14:39.159993,VN,bronze,True
C000153,2026-06-06 18:55:22.159993,VN,bronze,False
C000154,2026-02-14 10:59:27.159993,VN,silver,False
C000155,2026-03-11 18:54:51.159993,JP,bronze,True
C000156,2026-04-21 18:08:42.159993,VN,silver,False
C000157,2026-01-15 08:11:54.159993,VN,bronze,True
C000158,2026-04-02 21:02:41.159993,VN,silver,True
C000159,2026-03-24 12:19:57.159993,VN,bronze,True
C000160,2026-05-13 17:06:21.159993,VN,silver,True
C000161,2026-06-20 21:50:51.159993,VN,silver,False
C000162,2026-04-22 04:30:01.159993,VN,bronze,True
C000163,2026-03-07 06:21:04.159993,VN,silver,True
C000164,2026-03-06 18:15:25.159993,VN,gold,True
C000165,2026-03-08 20:14:51.159993,US,silver,True
C000166,2026-05-19 03:14:02.159993,VN,bronze,False
C000167,2026-02-19 10:19:04.159993,VN,bronze,False
C000168,2026-01-22 15:59:19.159993,VN,bronze,True
C000169,2026-02-21 18:48:17.159993,VN,silver,True
C000170,2025-12-27 16:46:55.159993,VN,bronze,True
C000171,2026-01-11 17:12:06.159993,VN,silver,True
C000172,2026-01-08 19:40:21.159993,VN,bronze,True
C000173,2026-05-11 11:46:20.159993,VN,bronze,True
C000174,2026-05-02 15:15:29.159993,VN,bronze,True
C000175,2026-04-28 00:42:56.159993,VN,bronze,True
C000176,2026-03-16 17:58:31.159993,JP,silver,True
C000177,2026-05-01 16:21:30.159993,VN,bronze,True
C000178,2026-01-21 15:21:35.159993,VN,bronze,False
C000179,2026-06-03 17:21:05.159993,VN,silver,False
C000180,2026-03-23 19:10:45.159993,VN,silver,True
C000181,2026-06-10 11:02:52.159993,VN,gold,False
C000182,2026-01-20 00:39:14.159993,VN,silver,False
C000183,2026-03-23 03:07:54.159993,VN,gold,True
C000184,2026-04-27 22:46:11.159993,VN,bronze,True
C000185,2026-03-22 19:46:10.159993,VN,bronze,True
C000186,2026-03-13 22:03:39.159993,VN,silver,False
C000187,2026-01-22 12:42:38.159993,VN,bronze,True
C000188,2026-03-02 04:40:39.159993,VN,bronze,True
C000189,2026-02-04 14:08:09.159993,VN,bronze,True
C000190,2026-02-15 21:11:53.159993,VN,bronze,True
C000191,2026-04-25 16:15:09.159993,VN,silver,False
C000192,2026-04-16 01:29:11.159993,US,bronze,True
C000193,2026-04-11 21:45:15.159993,VN,silver,False
C000194,2026-02-26 17:41:46.159993,VN,silver,False
C000195,2026-06-14 08:32:16.159993,VN,bronze,False
C000196,2026-01-08 09:18:48.159993,VN,bronze,True
C000197,2026-02-23 06:39:28.159993,VN,bronze,False
C000198,2026-01-13 20:27:04.159993,VN,bronze,True
C000199,2026-02-22 14:54:11.159993,KR,bronze,True
C000200,2026-06-14 18:03:49.159993,VN,silver,False
C000201,2026-02-27 12:55:27.159993,US,silver,True
C000202,2026-06-05 03:44:03.159993,CN,silver,True
C000203,2026-03-22 17:20:58.159993,VN,silver,True
C000204,2026-04-28 13:24:02.159993,VN,bronze,False
C000205,2026-03-15 22:42:33.159993,VN,silver,False
C000206,2026-02-09 11:13:26.159993,CN,bronze,True
C000207,2026-05-10 04:08:13.159993,VN,bronze,False
C000208,2026-06-16 01:30:28.159993,VN,bronze,True
C000209,2026-02-09 01:05:35.159993,VN,bronze,True
C000210,2026-05-12 18:52:11.159993,VN,bronze,True
C000211,2026-02-08 14:47:26.159993,VN,bronze,False
C000212,2026-05-01 15:37:53.159993,VN,bronze,True
C000213,2026-05-14 15:10:27.159993,KR,bronze,True
C000214,2026-03-14 11:54:27.159993,VN,bronze,True
C000215,2026-05-05 06:09:30.159993,VN,bronze,False
C000216,2026-02-10 14:44:57.159993,VN,silver,True
C000217,2026-01-06 21:02:27.159993,VN,bronze,True
C000218,2026-01-09 23:04:29.159993,VN,silver,False
C000219,2026-03-14 01:48:29.159993,VN,bronze,True
C000220,2026-06-04 01:54:29.159993,VN,bronze,True
C000221,2026-01-15 13:47:52.159993,VN,bronze,True
C000222,2026-03-15 15:37:09.159993,VN,bronze,False
C000223,2026-04-29 08:05:03.159993,VN,gold,True
C000224,2026-01-29 00:52:32.159993,VN,bronze,True
C000225,2026-05-02 12:02:55.159993,VN,silver,True
C000226,2026-02-16 16:23:54.159993,VN,gold,False
C000227,2026-05-18 04:04:48.159993,VN,silver,False
C000228,2026-04-06 20:53:39.159993,VN,gold,True
C000229,2026-04-01 01:18:18.159993,VN,bronze,True
C000230,2026-01-24 10:19:27.159993,VN,bronze,False
C000231,2026-03-16 23:42:55.159993,JP,silver,True
C000232,2026-05-26 19:14:22.159993,VN,gold,True
C000233,2025-12-27 03:00:34.159993,VN,silver,True
C000234,2026-05-09 03:28:12.159993,VN,silver,True
C000235,2026-03-22 07:23:57.159993,VN,gold,True
C000236,2026-05-02 02:44:44.159993,VN,bronze,True
C000237,2026-04-22 00:06:47.159993,VN,silver,True
C000238,2026-03-11 09:18:27.159993,VN,silver,True
C000239,2026-02-17 04:06:29.159993,VN,silver,False
C000240,2026-04-15 12:38:24.159993,VN,bronze,True
C000241,2026-01-17 20:26:04.159993,VN,gold,True
C000242,2026-04-07 17:58:08.159993,VN,silver,False
C000243,2026-01-09 15:44:48.159993,VN,bronze,True
C000244,2026-04-19 14:00:11.159993,JP,gold,False
C000245,2026-04-15 18:50:43.159993,VN,bronze,True
C000246,2026-01-07 19:27:55.159993,VN,bronze,False
C000247,2026-05-08 23:00:48.159993,VN,silver,True
C000248,2026-03-08 10:57:13.159993,VN,bronze,True
C000249,2026-05-14 06:00:55.159993,VN,bronze,True
C000250,2025-12-31 02:26:20.159993,VN,bronze,True
C000251,2026-01-24 21:55:04.159993,VN,silver,True
C000252,2026-03-22 12:42:22.159993,VN,silver,False
C000253,2026-01-26 11:47:54.159993,VN,silver,False
C000254,2026-02-20 23:39:58.159993,VN,bronze,True
C000255,2026-04-21 12:27:13.159993,VN,bronze,False
C000256,2026-01-18 15:00:37.159993,VN,silver,False
C000257,2026-04-24 14:20:33.159993,VN,silver,False
C000258,2026-01-11 05:21:59.159993,KR,bronze,True
C000259,2026-01-24 03:27:56.159993,US,gold,True
C000260,2026-04-08 09:17:25.159993,US,bronze,True
C000261,2026-05-15 10:30:48.159993,VN,bronze,True
C000262,2026-01-23 07:37:38.159993,VN,silver,False
C000263,2026-02-15 14:38:04.159993,VN,gold,True
C000264,2026-06-08 03:11:05.159993,VN,silver,True
C000265,2026-06-19 18:05:57.159993,VN,bronze,True
C000266,2026-04-07 04:50:59.159993,VN,gold,False
C000267,2026-03-14 01:52:14.159993,CN,silver,True
C000268,2026-02-24 01:08:36.159993,VN,gold,True
C000269,2026-04-12 20:27:29.159993,VN,silver,False
C000270,2026-04-08 23:25:14.159993,VN,bronze,False
C000271,2026-02-14 15:59:56.159993,VN,silver,True
C000272,2025-12-27 17:10:42.159993,VN,bronze,False
C000273,2026-01-19 21:08:18.159993,VN,bronze,False
C000274,2026-06-14 03:38:29.159993,VN,bronze,True
C000275,2026-03-08 21:05:42.159993,VN,gold,False
C000276,2026-03-20 10:13:00.159993,VN,bronze,True
C000277,2026-03-17 16:34:13.159993,VN,bronze,True
C000278,2026-05-13 12:04:55.159993,VN,silver,True
C000279,2026-01-04 07:16:41.159993,VN,bronze,True
C000280,2026-01-07 12:03:33.159993,VN,bronze,True
C000281,2026-02-11 06:19:33.159993,VN,silver,True
C000282,2026-03-21 05:01:47.159993,VN,bronze,True
C000283,2026-04-23 09:55:18.159993,VN,bronze,True
C000284,2026-03-21 22:31:12.159993,VN,bronze,True
C000285,2026-03-13 00:30:42.159993,VN,bronze,True
C000286,2026-06-10 10:04:34.159993,VN,silver,True
C000287,2026-01-21 14:16:03.159993,VN,bronze,True
C000288,2026-04-05 12:31:51.159993,VN,silver,True
C000289,2026-03-31 05:09:46.159993,VN,bronze,False
C000290,2026-03-18 20:08:24.159993,VN,bronze,True
C000291,2026-05-17 23:29:12.159993,VN,silver,False
C000292,2026-02-09 16:00:02.159993,VN,bronze,True
C000293,2026-06-13 06:57:52.159993,VN,silver,False
C000294,2026-02-21 07:02:38.159993,VN,gold,False
C000295,2026-03-31 17:05:06.159993,US,gold,False
C000296,2026-03-27 07:58:14.159993,VN,silver,True
C000297,2026-05-25 13:42:22.159993,VN,gold,True
C000298,2026-03-12 14:45:48.159993,VN,silver,True
C000299,2026-02-12 19:57:37.159993,VN,bronze,True
C000300,2025-12-27 12:01:48.159993,VN,bronze,False
C000301,2026-02-27 01:45:21.159993,VN,bronze,False
C000302,2026-05-21 08:14:49.159993,VN,silver,True
C000303,2025-12-25 09:30:13.159993,VN,bronze,True
C000304,2026-06-02 22:04:49.159993,VN,bronze,True
C000305,2026-03-31 07:40:43.159993,VN,silver,True
C000306,2026-01-17 20:32:30.159993,VN,silver,True
C000307,2026-02-16 00:04:49.159993,VN,bronze,True
C000308,2026-04-02 08:06:07.159993,VN,silver,False
C000309,2026-02-18 10:27:21.159993,VN,bronze,True
C000310,2026-01-12 03:42:46.159993,VN,bronze,True
C000311,2026-04-22 11:44:16.159993,VN,gold,True
C000312,2026-04-23 14:44:34.159993,VN,gold,False
C000313,2026-01-14 00:12:09.159993,VN,bronze,True
C000314,2026-02-12 05:35:44.159993,VN,bronze,True
C000315,2026-02-05 12:11:53.159993,VN,silver,True
C000316,2026-04-21 07:22:17.159993,VN,bronze,True
C000317,2026-05-04 01:32:33.159993,VN,bronze,True
C000318,2026-05-03 11:16:57.159993,VN,bronze,True
C000319,2026-06-10 14:06:51.159993,VN,bronze,True
C000320,2026-05-10 23:13:22.159993,VN,silver,False
C000321,2026-02-19 08:00:03.159993,JP,gold,True
C000322,2026-01-12 00:06:24.159993,VN,bronze,True
C000323,2026-04-13 05:55:22.159993,VN,silver,True
C000324,2026-06-06 11:50:13.159993,VN,bronze,False
C000325,2026-06-17 03:20:12.159993,VN,bronze,False
C000326,2026-02-03 01:11:24.159993,VN,gold,False
C000327,2026-02-04 04:09:11.159993,VN,bronze,True
C000328,2025-12-30 08:17:17.159993,VN,silver,True
C000329,2026-01-18 00:55:05.159993,US,bronze,False
C000330,2026-04-02 11:37:42.159993,VN,silver,False
C000331,2026-04-01 00:51:21.159993,VN,bronze,True
C000332,2026-02-28 09:03:00.159993,KR,bronze,True
C000333,2026-02-17 09:40:23.159993,VN,silver,True
C000334,2026-05-21 23:21:27.159993,VN,bronze,False
C000335,2026-03-16 10:00:44.159993,VN,bronze,True
C000336,2026-05-18 02:18:43.159993,VN,bronze,True
C000337,2026-06-14 23:44:27.159993,VN,bronze,True
C000338,2026-02-18 16:42:21.159993,VN,bronze,True
C000339,2026-01-29 02:29:43.159993,VN,bronze,True
C000340,2026-06-13 03:11:28.159993,VN,bronze,True
C000341,2026-04-16 21:08:10.159993,VN,gold,False
C000342,2026-02-13 23:25:51.159993,VN,bronze,True
C000343,2026-04-14 13:06:03.159993,VN,bronze,True
C000344,2026-03-26 07:42:45.159993,JP,bronze,True
C000345,2026-06-04 14:33:53.159993,VN,gold,True
C000346,2026-02-07 16:26:06.159993,VN,bronze,True
C000347,2026-06-20 01:26:22.159993,VN,silver,True
C000348,2026-06-10 02:22:26.159993,VN,bronze,True
C000349,2026-01-25 03:17:54.159993,VN,silver,False
C000350,2026-01-22 05:46:17.159993,VN,bronze,True
C000351,2026-03-29 13:54:12.159993,VN,silver,True
C000352,2025-12-31 16:40:46.159993,US,silver,True
C000353,2026-02-15 09:28:22.159993,VN,bronze,False
C000354,2026-03-11 22:17:06.159993,VN,bronze,True
C000355,2026-06-16 02:21:30.159993,VN,silver,False
C000356,2026-06-20 05:43:41.159993,CN,bronze,False
C000357,2026-01-19 21:19:06.159993,VN,bronze,True
C000358,2026-06-02 02:42:41.159993,VN,bronze,True
C000359,2026-01-08 23:28:42.159993,VN,silver,False
C000360,2026-05-07 08:39:08.159993,VN,bronze,True
C000361,2026-05-24 19:50:32.159993,VN,bronze,True
C000362,2026-06-01 22:53:21.159993,CN,bronze,True
C000363,2026-02-01 19:49:52.159993,CN,bronze,True
C000364,2026-06-02 10:21:19.159993,VN,bronze,True
C000365,2026-01-13 11:42:12.159993,VN,silver,True
C000366,2026-03-27 00:08:02.159993,VN,bronze,True
C000367,2026-03-18 03:06:05.159993,JP,bronze,True
C000368,2026-02-18 11:28:45.159993,VN,bronze,True
C000369,2025-12-27 14:11:56.159993,VN,gold,False
C000370,2026-05-11 13:45:34.159993,VN,silver,True
C000371,2026-02-22 00:23:13.159993,VN,bronze,True
C000372,2026-04-21 17:02:32.159993,VN,gold,True
C000373,2026-03-07 10:48:57.159993,CN,bronze,True
C000374,2026-02-28 20:52:01.159993,CN,silver,True
C000375,2026-06-01 03:27:51.159993,US,bronze,True
C000376,2026-01-09 14:45:42.159993,VN,bronze,True
C000377,2026-05-05 04:51:10.159993,VN,silver,True
C000378,2026-05-07 00:47:49.159993,VN,silver,True
C000379,2026-03-02 00:13:44.159993,VN,bronze,True
C000380,2026-02-08 20:29:42.159993,VN,bronze,True
C000381,2025-12-24 13:35:32.159993,VN,bronze,True
C000382,2026-06-10 05:41:55.159993,VN,bronze,True
C000383,2026-06-12 04:51:56.159993,VN,bronze,True
C000384,2026-02-04 23:39:31.159993,VN,bronze,True
C000385,2025-12-29 08:31:17.159993,VN,silver,True
C000386,2026-01-14 16:58:48.159993,VN,silver,True
C000387,2026-01-04 18:52:58.159993,VN,silver,True
C000388,2026-05-22 05:04:21.159993,VN,silver,False
C000389,2026-06-02 03:43:23.159993,VN,silver,True
C000390,2026-01-20 04:51:14.159993,VN,bronze,True
C000391,2026-05-07 00:34:49.159993,VN,silver,True
C000392,2026-01-24 21:06:17.159993,VN,bronze,False
C000393,2026-02-27 17:00:31.159993,VN,silver,True
C000394,2026-04-10 11:59:58.159993,VN,gold,True
C000395,2026-05-02 04:44:58.159993,VN,bronze,False
C000396,2026-05-30 00:46:25.159993,VN,bronze,True
C000397,2025-12-31 16:08:10.159993,VN,silver,False
C000398,2026-01-27 23:15:48.159993,VN,silver,True
C000399,2026-02-12 02:27:47.159993,VN,silver,True
C000400,2026-02-17 11:15:50.159993,VN,bronze,True
C000401,2026-06-21 06:08:46.159993,VN,bronze,True
C000402,2026-05-12 13:03:17.159993,VN,silver,False
C000403,2026-02-19 06:52:05.159993,VN,gold,True
C000404,2026-06-16 12:57:21.159993,VN,bronze,False
C000405,2026-03-23 11:40:19.159993,VN,bronze,True
C000406,2026-03-23 17:52:03.159993,VN,bronze,True
C000407,2026-03-11 16:14:41.159993,VN,bronze,False
C000408,2026-01-18 12:18:10.159993,VN,silver,True
C000409,2026-06-09 19:09:17.159993,VN,silver,False
C000410,2025-12-26 02:52:14.159993,VN,silver,True
C000411,2026-01-23 23:32:56.159993,VN,bronze,False
C000412,2026-02-02 22:46:47.159993,VN,bronze,True
C000413,2026-02-11 21:13:51.159993,US,bronze,True
C000414,2026-01-16 08:08:16.159993,VN,bronze,True
C000415,2025-12-26 20:15:32.159993,VN,bronze,True
C000416,2026-04-24 14:09:04.159993,VN,bronze,True
C000417,2026-06-16 02:05:04.159993,VN,gold,True
C000418,2026-01-14 12:58:56.159993,VN,silver,False
C000419,2026-02-14 23:41:52.159993,VN,silver,True
C000420,2026-03-24 18:00:40.159993,JP,bronze,False
C000421,2026-06-08 13:28:33.159993,VN,gold,False
C000422,2026-04-27 13:52:46.159993,VN,bronze,True
C000423,2026-05-10 12:35:54.159993,VN,bronze,True
C000424,2026-04-07 05:05:22.159993,VN,bronze,True
C000425,2026-03-08 16:15:37.159993,VN,silver,True
C000426,2026-01-28 13:41:47.159993,VN,silver,True
C000427,2026-05-28 04:30:14.159993,VN,silver,True
C000428,2026-05-17 08:29:01.159993,VN,bronze,True
C000429,2025-12-28 03:06:12.159993,VN,bronze,True
C000430,2026-05-01 09:13:28.159993,VN,bronze,True
C000431,2026-01-07 19:13:20.159993,VN,silver,True
C000432,2026-05-05 15:04:36.159993,VN,silver,True
C000433,2026-05-21 06:47:11.159993,VN,bronze,True
C000434,2026-01-16 04:50:07.159993,VN,bronze,False
C000435,2026-03-11 16:50:12.159993,VN,bronze,True
C000436,2026-01-14 21:16:56.159993,VN,silver,True
C000437,2026-04-04 17:19:30.159993,VN,bronze,True
C000438,2026-06-08 13:44:09.159993,VN,silver,True
C000439,2026-01-07 04:01:20.159993,VN,bronze,True
C000440,2026-03-05 04:12:13.159993,VN,silver,True
C000441,2026-06-16 18:32:47.159993,VN,silver,False
C000442,2026-02-15 18:45:51.159993,VN,bronze,True
C000443,2026-01-16 09:50:31.159993,VN,silver,False
C000444,2026-03-21 13:20:56.159993,VN,bronze,True
C000445,2026-03-25 02:50:07.159993,VN,bronze,True
C000446,2026-04-21 22:14:21.159993,JP,silver,True
C000447,2026-02-18 02:00:43.159993,VN,bronze,True
C000448,2026-06-13 14:57:29.159993,JP,bronze,False
C000449,2026-03-27 09:29:02.159993,VN,bronze,False
C000450,2026-02-13 04:06:48.159993,JP,silver,False
C000451,2026-06-14 11:05:40.159993,JP,bronze,True
C000452,2026-06-08 01:50:17.159993,VN,silver,False
C000453,2026-03-23 11:03:27.159993,VN,silver,True
C000454,2025-12-28 02:03:31.159993,KR,silver,False
C000455,2026-04-10 01:25:47.159993,US,bronze,True
C000456,2026-04-02 13:07:16.159993,KR,bronze,True
C000457,2026-01-19 06:55:34.159993,VN,bronze,True
C000458,2026-04-16 17:26:17.159993,VN,bronze,True
C000459,2026-05-23 22:53:38.159993,VN,bronze,True
C000460,2026-01-11 16:08:33.159993,VN,bronze,False
C000461,2026-05-02 19:25:10.159993,VN,bronze,False
C000462,2026-01-17 20:55:58.159993,VN,bronze,False
C000463,2026-05-07 09:35:43.159993,VN,silver,True
C000464,2026-03-09 01:14:22.159993,VN,silver,True
C000465,2025-12-24 18:47:36.159993,VN,bronze,True
C000466,2026-06-15 12:47:15.159993,VN,bronze,True
C000467,2026-01-22 11:39:28.159993,VN,bronze,True
C000468,2026-04-09 21:34:10.159993,VN,silver,True
C000469,2026-01-25 06:36:30.159993,VN,bronze,True
C000470,2026-06-09 13:19:34.159993,VN,silver,True
C000471,2026-05-05 12:13:55.159993,VN,silver,True
C000472,2026-05-17 09:30:17.159993,KR,gold,True
C000473,2026-03-11 09:15:03.159993,VN,silver,True
C000474,2026-03-17 17:45:15.159993,VN,bronze,False
C000475,2026-04-16 18:50:48.159993,VN,silver,True
C000476,2026-05-13 20:50:38.159993,VN,bronze,False
C000477,2026-05-25 01:37:02.159993,VN,bronze,True
C000478,2025-12-26 19:43:14.159993,JP,bronze,False
C000479,2026-04-22 01:15:03.159993,VN,bronze,False
C000480,2026-01-12 06:10:04.159993,VN,silver,False
C000481,2026-02-13 10:31:51.159993,VN,bronze,True
C000482,2026-05-21 21:47:50.159993,VN,bronze,True
C000483,2026-02-06 16:52:57.159993,VN,bronze,True
C000484,2026-05-16 00:54:56.159993,VN,bronze,True
C000485,2026-03-16 22:51:34.159993,VN,silver,True
C000486,2026-02-03 11:40:25.159993,JP,bronze,True
C000487,2026-02-21 18:36:02.159993,VN,silver,True
C000488,2026-03-29 03:35:25.159993,VN,gold,True
C000489,2026-05-10 08:06:05.159993,CN,silver,True
C000490,2026-04-11 16:39:15.159993,VN,bronze,True
C000491,2026-06-09 14:11:34.159993,VN,bronze,False
C000492,2026-05-28 19:17:53.159993,VN,bronze,False
C000493,2026-05-08 05:09:11.159993,VN,bronze,True
C000494,2026-04-11 04:05:19.159993,VN,silver,True
C000495,2026-02-13 18:50:34.159993,VN,bronze,True
C000496,2026-03-07 20:58:30.159993,VN,bronze,True
C000497,2026-01-14 00:17:20.159993,VN,bronze,True
C000498,2026-02-28 23:08:27.159993,VN,gold,True
C000499,2026-06-08 09:01:33.159993,VN,bronze,False
C000500,2026-03-10 06:28:35.159993,VN,silver,True
C000501,2026-01-13 01:58:27.159993,VN,gold,False
C000502,2026-04-19 23:00:28.159993,VN,bronze,True
C000503,2026-06-14 21:09:43.159993,JP,silver,True
C000504,2026-05-28 18:13:31.159993,VN,silver,False
C000505,2026-02-10 22:40:33.159993,VN,bronze,True
C000506,2026-03-15 07:30:01.159993,VN,silver,False
C000507,2026-03-29 04:39:25.159993,VN,bronze,True
C000508,2026-02-06 05:19:57.159993,VN,silver,True
C000509,2026-02-09 23:24:54.159993,VN,bronze,True
C000510,2026-02-04 05:02:50.159993,VN,bronze,False
C000511,2026-06-20 15:15:25.159993,VN,bronze,True
C000512,2026-05-06 21:26:51.159993,VN,bronze,False
C000513,2026-05-23 23:09:55.159993,VN,bronze,False
C000514,2026-05-19 14:14:34.159993,VN,bronze,True
C000515,2026-06-14 06:09:56.159993,VN,silver,True
C000516,2026-01-11 13:28:01.159993,VN,silver,False
C000517,2026-05-31 07:19:04.159993,VN,bronze,False
C000518,2026-01-04 14:12:00.159993,VN,bronze,True
C000519,2026-03-19 04:29:04.159993,VN,gold,True
C000520,2026-04-09 14:37:09.159993,VN,bronze,True
C000521,2026-02-26 00:37:32.159993,VN,bronze,True
C000522,2026-01-18 22:08:03.159993,VN,bronze,False
C000523,2026-01-27 05:24:27.159993,VN,bronze,True
C000524,2026-05-21 01:12:54.159993,VN,bronze,True
C000525,2026-02-18 23:33:11.159993,VN,bronze,True
C000526,2026-02-17 11:18:41.159993,VN,silver,True
C000527,2026-06-07 19:35:20.159993,VN,bronze,True
C000528,2026-01-18 12:11:33.159993,VN,silver,False
C000529,2026-06-06 08:37:08.159993,VN,bronze,True
C000530,2026-06-07 09:15:29.159993,VN,bronze,True
C000531,2026-04-10 08:26:36.159993,VN,bronze,False
C000532,2026-01-22 09:45:46.159993,VN,bronze,True
C000533,2026-01-20 15:59:05.159993,VN,bronze,True
C000534,2026-02-12 20:39:23.159993,VN,bronze,True
C000535,2026-04-06 13:06:05.159993,VN,bronze,False
C000536,2026-01-20 06:16:32.159993,VN,bronze,False
C000537,2026-03-15 15:06:29.159993,JP,silver,True
C000538,2026-01-13 09:34:58.159993,VN,bronze,True
C000539,2026-03-30 20:41:35.159993,VN,bronze,True
C000540,2025-12-27 10:01:30.159993,VN,silver,True
C000541,2026-04-30 05:42:07.159993,VN,gold,True
C000542,2026-01-02 13:58:26.159993,VN,bronze,False
C000543,2026-01-27 16:17:46.159993,VN,bronze,False
C000544,2026-01-24 01:07:01.159993,JP,bronze,True
C000545,2026-05-22 04:33:37.159993,CN,gold,False
C000546,2026-01-02 05:16:32.159993,VN,silver,False
C000547,2026-03-10 21:04:03.159993,VN,silver,True
C000548,2026-04-09 00:24:25.159993,VN,bronze,True
C000549,2026-03-26 11:45:59.159993,VN,bronze,False
C000550,2026-04-25 03:21:09.159993,VN,silver,True
C000551,2026-05-17 04:03:48.159993,CN,bronze,False
C000552,2026-03-04 11:08:57.159993,VN,silver,True
C000553,2026-05-21 16:34:01.159993,VN,silver,True
C000554,2026-02-18 20:23:14.159993,VN,silver,False
C000555,2026-06-18 19:22:19.159993,VN,silver,True
C000556,2026-03-24 10:13:09.159993,VN,bronze,True
C000557,2026-05-05 02:14:36.159993,KR,bronze,True
C000558,2026-05-30 02:41:13.159993,VN,silver,True
C000559,2026-05-15 06:55:09.159993,VN,bronze,True
C000560,2026-05-25 19:33:16.159993,VN,bronze,True
C000561,2026-03-30 04:24:16.159993,JP,bronze,True
C000562,2025-12-31 10:28:41.159993,VN,bronze,True
C000563,2026-03-22 08:47:12.159993,VN,silver,True
C000564,2026-01-25 06:44:20.159993,VN,bronze,False
C000565,2026-06-01 15:38:58.159993,VN,silver,True
C000566,2026-02-04 05:24:13.159993,JP,bronze,True
C000567,2026-02-02 15:55:38.159993,VN,silver,True
C000568,2026-02-06 12:01:12.159993,KR,bronze,True
C000569,2026-04-18 06:33:07.159993,VN,gold,False
C000570,2026-04-05 10:23:27.159993,VN,bronze,True
C000571,2026-06-12 09:39:30.159993,VN,bronze,True
C000572,2026-03-08 12:55:10.159993,VN,bronze,False
C000573,2026-02-12 10:06:26.159993,VN,bronze,False
C000574,2026-01-01 11:26:37.159993,VN,bronze,False
C000575,2025-12-24 21:14:01.159993,VN,bronze,False
C000576,2026-02-28 20:40:44.159993,VN,silver,False
C000577,2026-06-08 06:11:49.159993,KR,bronze,True
C000578,2026-03-27 21:16:42.159993,VN,bronze,True
C000579,2026-06-02 10:47:29.159993,VN,bronze,True
C000580,2026-01-10 21:53:18.159993,VN,silver,True
C000581,2026-01-09 09:48:45.159993,VN,silver,True
C000582,2026-05-22 15:12:24.159993,VN,bronze,True
C000583,2026-01-11 19:47:29.159993,VN,bronze,True
C000584,2026-01-01 23:08:27.159993,VN,bronze,False
C000585,2026-03-06 08:20:46.159993,VN,bronze,False
C000586,2026-06-08 01:58:57.159993,VN,bronze,True
C000587,2026-04-26 16:48:07.159993,VN,bronze,True
C000588,2026-01-10 10:50:04.159993,VN,bronze,True
C000589,2026-05-23 07:04:18.159993,VN,bronze,True
C000590,2026-05-24 10:54:34.159993,VN,bronze,False
C000591,2026-05-16 17:40:29.159993,VN,silver,False
C000592,2026-06-04 02:07:38.159993,VN,bronze,False
C000593,2026-02-04 18:56:19.159993,VN,silver,False
C000594,2026-06-17 22:24:40.159993,VN,silver,False
C000595,2026-02-19 08:04:26.159993,US,bronze,True
C000596,2026-05-16 23:25:03.159993,VN,bronze,True
C000597,2026-04-06 21:31:14.159993,VN,silver,True
C000598,2026-05-12 22:00:31.159993,VN,bronze,True
C000599,2026-04-15 14:50:44.159993,VN,bronze,True
C000600,2026-04-18 06:11:36.159993,VN,silver,True
C000601,2026-04-13 13:00:47.159993,VN,gold,False
C000602,2026-05-12 19:55:48.159993,VN,silver,True
C000603,2026-05-05 15:19:53.159993,VN,bronze,False
C000604,2026-01-16 19:55:52.159993,JP,bronze,False
C000605,2026-05-21 07:13:22.159993,VN,silver,True
C000606,2026-03-30 02:28:47.159993,VN,bronze,True
C000607,2026-02-19 18:23:10.159993,VN,silver,True
C000608,2026-03-26 04:06:31.159993,CN,silver,True
C000609,2026-06-15 16:02:03.159993,VN,bronze,True
C000610,2026-05-26 23:22:38.159993,VN,silver,False
C000611,2026-05-22 16:14:36.159993,VN,silver,True
C000612,2026-03-16 21:57:32.159993,VN,bronze,True
C000613,2026-05-13 18:08:28.159993,VN,bronze,False
C000614,2026-03-02 22:15:08.159993,VN,bronze,True
C000615,2026-04-26 02:54:02.159993,VN,bronze,True
C000616,2026-04-17 17:34:44.159993,JP,gold,True
C000617,2026-02-06 13:47:46.159993,VN,silver,True
C000618,2026-02-09 13:47:14.159993,VN,bronze,True
C000619,2026-01-03 14:45:39.159993,VN,silver,True
C000620,2026-01-17 18:27:55.159993,VN,bronze,True
C000621,2026-03-11 15:53:54.159993,VN,bronze,True
C000622,2026-03-19 15:05:44.159993,VN,silver,True
C000623,2026-01-22 07:59:14.159993,VN,bronze,True
C000624,2026-03-08 15:37:40.159993,VN,silver,True
C000625,2026-04-11 08:42:45.159993,VN,bronze,True
C000626,2026-02-03 11:22:04.159993,VN,bronze,True
C000627,2026-02-22 11:50:57.159993,VN,bronze,True
C000628,2026-02-27 18:19:00.159993,VN,bronze,True
C000629,2026-03-24 12:29:55.159993,VN,bronze,True
C000630,2026-02-27 13:28:52.159993,VN,bronze,False
C000631,2026-05-05 06:15:59.159993,VN,bronze,True
C000632,2026-02-20 13:26:48.159993,VN,bronze,False
C000633,2026-03-11 17:05:59.159993,CN,gold,True
C000634,2026-03-01 21:57:02.159993,JP,bronze,True
C000635,2026-01-25 12:51:43.159993,VN,bronze,False
C000636,2026-04-26 01:04:37.159993,VN,silver,False
C000637,2026-02-03 23:47:35.159993,VN,bronze,False
C000638,2026-02-15 01:10:19.159993,VN,bronze,True
C000639,2026-05-15 07:21:15.159993,VN,gold,False
C000640,2026-06-12 09:43:55.159993,VN,bronze,True
C000641,2026-04-23 08:42:29.159993,VN,silver,True
C000642,2026-06-06 13:17:21.159993,VN,bronze,True
C000643,2026-05-26 08:46:09.159993,VN,bronze,False
C000644,2026-03-20 04:11:55.159993,VN,bronze,True
C000645,2026-05-11 06:19:09.159993,VN,bronze,False
C000646,2026-02-20 17:11:10.159993,JP,silver,True
C000647,2026-03-16 12:00:47.159993,VN,bronze,False
C000648,2026-03-29 23:44:38.159993,CN,bronze,False
C000649,2026-06-14 11:59:44.159993,VN,bronze,False
C000650,2026-05-25 08:26:49.159993,VN,bronze,True
C000651,2026-03-21 16:14:19.159993,VN,silver,True
C000652,2026-04-20 01:50:35.159993,VN,bronze,True
C000653,2026-01-29 00:50:45.159993,VN,gold,True
C000654,2026-05-17 09:38:18.159993,VN,silver,True
C000655,2026-04-02 03:47:23.159993,VN,bronze,True
C000656,2026-03-29 12:01:33.159993,VN,gold,True
C000657,2026-05-10 13:00:38.159993,VN,gold,True
C000658,2026-04-16 12:52:11.159993,VN,gold,True
C000659,2026-01-05 15:43:25.159993,VN,bronze,False
C000660,2026-02-13 11:29:53.159993,VN,bronze,True
C000661,2026-01-24 10:05:30.159993,VN,gold,False
C000662,2026-05-04 21:24:15.159993,VN,bronze,False
C000663,2025-12-29 22:30:05.159993,VN,bronze,True
C000664,2026-01-29 01:03:13.159993,VN,silver,False
C000665,2026-04-10 03:37:42.159993,VN,silver,True
C000666,2026-04-27 16:11:37.159993,VN,bronze,True
C000667,2026-03-24 04:56:34.159993,VN,bronze,True
C000668,2026-05-27 12:58:19.159993,VN,bronze,True
C000669,2026-06-07 00:29:13.159993,VN,bronze,True
C000670,2026-01-16 09:21:00.159993,VN,gold,True
C000671,2026-06-13 01:30:49.159993,VN,silver,False
C000672,2026-04-13 04:47:10.159993,VN,bronze,True
C000673,2026-04-17 03:07:57.159993,VN,silver,False
C000674,2026-01-09 17:28:46.159993,VN,bronze,False
C000675,2026-04-14 13:09:08.159993,VN,bronze,True
C000676,2026-05-03 05:45:26.159993,VN,bronze,True
C000677,2026-04-07 03:41:00.159993,VN,bronze,False
C000678,2026-01-07 19:40:35.159993,VN,silver,True
C000679,2026-03-27 19:00:30.159993,VN,silver,True
C000680,2026-06-10 01:55:33.159993,KR,silver,True
C000681,2026-05-02 19:49:30.159993,VN,bronze,False
C000682,2026-01-17 08:16:05.159993,KR,silver,True
C000683,2026-06-14 09:36:00.159993,VN,gold,True
C000684,2026-06-14 05:01:42.159993,VN,silver,True
C000685,2026-01-23 02:27:16.159993,VN,silver,True
C000686,2026-05-16 18:29:07.159993,VN,bronze,True
C000687,2026-03-06 19:41:01.159993,VN,silver,False
C000688,2026-04-09 11:22:19.159993,VN,bronze,False
C000689,2026-03-13 17:52:14.159993,VN,silver,True
C000690,2026-05-13 11:36:07.159993,JP,bronze,True
C000691,2026-06-21 00:14:11.159993,VN,bronze,True
C000692,2026-05-15 17:33:42.159993,VN,silver,True
C000693,2026-06-09 06:11:25.159993,VN,bronze,True
C000694,2026-06-11 21:30:09.159993,VN,bronze,True
C000695,2026-01-08 19:55:16.159993,VN,bronze,True
C000696,2026-02-07 05:16:54.159993,VN,silver,True
C000697,2026-05-02 13:05:10.159993,VN,silver,True
C000698,2026-04-08 19:47:37.159993,VN,bronze,True
C000699,2026-01-01 15:17:50.159993,VN,silver,True
C000700,2026-01-09 17:16:42.159993,VN,bronze,False
C000701,2026-03-27 07:25:50.159993,VN,bronze,False
C000702,2026-04-13 12:30:05.159993,JP,bronze,False
C000703,2026-01-22 19:12:48.159993,VN,bronze,False
C000704,2026-01-23 10:38:39.159993,VN,bronze,True
C000705,2026-01-15 21:24:56.159993,VN,gold,False
C000706,2026-04-04 07:15:08.159993,VN,gold,True
C000707,2025-12-25 00:35:36.159993,VN,bronze,True
C000708,2026-04-05 15:33:56.159993,VN,bronze,True
C000709,2026-03-19 06:40:39.159993,VN,silver,True
C000710,2026-03-17 11:43:18.159993,VN,bronze,True
C000711,2026-04-24 21:08:21.159993,CN,bronze,True
C000712,2026-03-27 16:26:06.159993,VN,bronze,False
C000713,2026-05-03 14:32:25.159993,VN,bronze,False
C000714,2026-05-10 02:48:53.159993,VN,silver,True
C000715,2026-06-07 05:34:28.159993,US,silver,True
C000716,2026-05-16 11:24:10.159993,VN,bronze,False
C000717,2026-03-26 19:09:23.159993,VN,silver,True
C000718,2026-03-22 04:46:03.159993,JP,bronze,True
C000719,2026-02-04 00:55:36.159993,JP,bronze,True
C000720,2026-04-10 12:54:34.159993,VN,gold,True
C000721,2026-01-17 15:43:51.159993,VN,gold,True
C000722,2026-06-09 05:36:22.159993,VN,silver,False
C000723,2026-05-24 17:15:25.159993,VN,bronze,False
C000724,2026-01-14 03:54:53.159993,VN,bronze,True
C000725,2026-05-14 01:59:42.159993,VN,silver,True
C000726,2026-01-13 16:33:11.159993,VN,bronze,False
C000727,2026-05-02 10:21:31.159993,VN,bronze,True
C000728,2026-01-08 09:34:07.159993,VN,bronze,True
C000729,2026-03-21 11:39:41.159993,VN,bronze,True
C000730,2026-04-21 00:38:06.159993,VN,gold,True
C000731,2026-05-03 19:07:43.159993,VN,silver,True
C000732,2026-03-08 23:03:13.159993,VN,bronze,True
C000733,2026-06-07 12:04:45.159993,VN,silver,True
C000734,2026-05-11 23:44:03.159993,JP,bronze,True
C000735,2026-01-30 02:22:10.159993,VN,silver,True
C000736,2026-04-23 10:23:07.159993,VN,gold,True
C000737,2026-05-04 02:34:30.159993,VN,silver,False
C000738,2026-02-21 15:58:51.159993,VN,bronze,True
C000739,2026-05-05 11:49:30.159993,VN,silver,True
C000740,2026-06-03 07:36:33.159993,VN,silver,True
C000741,2026-05-19 16:35:58.159993,VN,bronze,False
C000742,2026-05-09 20:48:16.159993,VN,silver,True
C000743,2026-04-16 19:41:41.159993,VN,silver,False
C000744,2026-02-10 07:22:36.159993,VN,gold,True
C000745,2026-05-15 18:01:44.159993,VN,silver,True
C000746,2026-02-27 03:58:31.159993,VN,silver,True
C000747,2026-03-29 09:45:21.159993,VN,bronze,True
C000748,2026-02-18 05:02:47.159993,VN,silver,False
C000749,2026-02-17 22:53:58.159993,VN,bronze,False
C000750,2026-01-20 23:32:53.159993,VN,bronze,True
C000751,2026-06-14 15:28:18.159993,VN,gold,False
C000752,2026-01-19 05:05:24.159993,VN,silver,True
C000753,2026-01-08 03:18:14.159993,VN,silver,True
C000754,2026-06-10 02:44:11.159993,VN,bronze,True
C000755,2026-04-02 12:19:21.159993,KR,silver,True
C000756,2026-03-12 10:24:40.159993,VN,bronze,False
C000757,2026-05-05 08:37:42.159993,US,bronze,True
C000758,2026-03-02 14:36:26.159993,VN,bronze,True
C000759,2026-01-15 15:17:14.159993,VN,bronze,True
C000760,2026-05-03 22:54:29.159993,VN,bronze,True
C000761,2026-01-24 06:59:01.159993,VN,gold,True
C000762,2026-04-02 03:35:45.159993,CN,bronze,True
C000763,2026-06-12 10:37:53.159993,VN,silver,True
C000764,2026-06-10 02:47:26.159993,VN,bronze,True
C000765,2026-02-26 13:14:54.159993,VN,bronze,True
C000766,2026-05-13 01:34:05.159993,VN,bronze,True
C000767,2026-04-12 21:25:31.159993,VN,silver,True
C000768,2026-03-19 21:32:32.159993,VN,bronze,False
C000769,2026-01-17 19:09:19.159993,VN,bronze,False
C000770,2026-03-01 08:32:19.159993,VN,bronze,True
C000771,2026-04-19 22:57:07.159993,VN,bronze,False
C000772,2026-06-19 04:54:50.159993,VN,silver,True
C000773,2025-12-24 11:47:35.159993,VN,silver,True
C000774,2026-05-01 19:23:24.159993,VN,bronze,False
C000775,2026-05-24 22:50:27.159993,VN,silver,False
C000776,2026-06-12 19:49:36.159993,VN,silver,False
C000777,2026-03-09 21:29:51.159993,VN,silver,True
C000778,2026-01-13 22:29:35.159993,VN,silver,True
C000779,2026-02-10 09:14:38.159993,VN,bronze,True
C000780,2026-05-25 16:58:16.159993,VN,bronze,True
C000781,2026-05-30 15:20:40.159993,VN,silver,True
C000782,2026-04-17 06:49:30.159993,VN,bronze,True
C000783,2026-01-14 16:54:17.159993,VN,bronze,True
C000784,2026-01-14 13:22:02.159993,VN,bronze,True
C000785,2026-03-19 16:22:09.159993,VN,bronze,True
C000786,2026-04-08 11:56:25.159993,VN,bronze,True
C000787,2025-12-29 10:32:29.159993,VN,silver,True
C000788,2026-04-26 02:36:07.159993,VN,silver,True
C000789,2026-03-31 14:56:56.159993,VN,bronze,True
C000790,2025-12-25 19:48:48.159993,VN,bronze,True
C000791,2026-01-09 19:59:34.159993,KR,bronze,True
C000792,2026-03-15 09:19:09.159993,VN,bronze,False
C000793,2026-05-02 16:14:05.159993,VN,bronze,True
C000794,2026-05-21 04:23:30.159993,VN,silver,True
C000795,2026-03-11 05:53:19.159993,VN,silver,True
C000796,2026-02-14 18:37:00.159993,VN,silver,False
C000797,2026-06-15 21:45:59.159993,VN,gold,False
C000798,2026-03-16 03:35:36.159993,VN,silver,True
C000799,2026-02-18 09:08:57.159993,VN,bronze,True
C000800,2026-03-13 05:27:46.159993,VN,silver,True
C000801,2025-12-25 18:54:06.159993,JP,silver,False
C000802,2026-02-15 22:59:31.159993,VN,bronze,True
C000803,2026-03-26 09:51:39.159993,VN,bronze,True
C000804,2026-06-06 22:20:05.159993,VN,silver,False
C000805,2026-05-05 11:48:08.159993,VN,bronze,False
C000806,2026-05-13 05:51:21.159993,VN,bronze,True
C000807,2026-03-31 16:38:28.159993,VN,bronze,True
C000808,2026-01-12 12:24:27.159993,VN,bronze,True
C000809,2026-03-03 23:28:05.159993,VN,gold,True
C000810,2026-06-21 01:51:19.159993,VN,bronze,True
C000811,2025-12-31 13:29:04.159993,CN,silver,False
C000812,2026-05-30 20:48:35.159993,VN,bronze,False
C000813,2026-04-25 19:41:13.159993,VN,bronze,True
C000814,2026-02-12 17:09:01.159993,VN,gold,True
C000815,2026-05-12 15:34:36.159993,VN,gold,True
C000816,2026-05-23 06:03:32.159993,VN,bronze,True
C000817,2025-12-31 09:22:20.159993,VN,bronze,False
C000818,2026-01-11 18:23:53.159993,VN,gold,True
C000819,2026-04-22 10:42:14.159993,VN,bronze,True
C000820,2026-06-21 10:47:53.159993,US,bronze,True
C000821,2025-12-27 22:12:04.159993,VN,bronze,True
C000822,2026-04-22 10:25:26.159993,VN,bronze,True
C000823,2026-01-17 04:27:06.159993,VN,gold,False
C000824,2026-04-19 15:12:21.159993,VN,bronze,False
C000825,2026-04-14 19:23:09.159993,VN,silver,True
C000826,2026-01-08 21:22:11.159993,CN,bronze,False
C000827,2026-04-25 03:24:40.159993,VN,silver,True
C000828,2026-06-03 01:51:00.159993,VN,bronze,False
C000829,2026-05-28 00:44:32.159993,VN,silver,True
C000830,2025-12-28 19:56:37.159993,VN,silver,True
C000831,2026-02-05 21:01:31.159993,VN,bronze,False
C000832,2026-02-04 23:02:34.159993,VN,bronze,True
C000833,2026-03-15 04:53:19.159993,VN,bronze,True
C000834,2026-01-18 08:31:13.159993,VN,bronze,True
C000835,2026-05-26 09:26:35.159993,VN,bronze,True
C000836,2026-05-12 10:18:12.159993,VN,bronze,True
C000837,2026-05-18 02:44:12.159993,VN,silver,True
C000838,2026-01-28 06:54:29.159993,VN,bronze,False
C000839,2025-12-26 05:37:09.159993,VN,bronze,True
C000840,2026-06-05 12:37:22.159993,VN,silver,True
C000841,2026-02-13 14:45:00.159993,VN,silver,True
C000842,2026-04-20 17:44:53.159993,VN,bronze,False
C000843,2026-06-05 07:25:53.159993,VN,bronze,True
C000844,2025-12-30 02:53:19.159993,VN,bronze,True
C000845,2025-12-24 14:18:38.159993,VN,bronze,True
C000846,2025-12-24 14:07:21.159993,VN,bronze,True
C000847,2026-01-20 17:59:34.159993,VN,bronze,False
C000848,2026-01-01 21:49:40.159993,VN,silver,True
C000849,2026-05-20 04:58:59.159993,VN,bronze,False
C000850,2026-04-11 16:15:45.159993,VN,silver,True
C000851,2026-06-18 00:28:04.159993,VN,bronze,True
C000852,2026-05-16 21:04:02.159993,VN,bronze,True
C000853,2026-06-14 23:38:15.159993,VN,silver,True
C000854,2026-02-04 13:12:50.159993,VN,silver,True
C000855,2026-02-13 09:57:36.159993,VN,bronze,True
C000856,2026-05-25 12:06:43.159993,VN,gold,True
C000857,2026-02-05 16:33:34.159993,VN,bronze,True
C000858,2026-01-02 21:54:28.159993,VN,bronze,True
C000859,2026-04-23 01:18:28.159993,CN,bronze,True
C000860,2026-05-16 18:49:46.159993,VN,silver,True
C000861,2026-06-15 21:16:24.159993,VN,bronze,True
C000862,2026-06-08 14:44:31.159993,VN,silver,True
C000863,2026-01-14 06:03:42.159993,VN,bronze,True
C000864,2026-05-11 14:10:26.159993,VN,gold,True
C000865,2026-05-24 21:56:18.159993,VN,bronze,True
C000866,2026-04-28 06:32:51.159993,VN,bronze,True
C000867,2026-05-20 04:12:01.159993,VN,silver,True
C000868,2026-05-23 10:44:25.159993,VN,silver,True
C000869,2026-03-13 23:45:45.159993,VN,silver,True
C000870,2025-12-30 20:07:10.159993,VN,silver,True
C000871,2026-03-15 17:25:31.159993,VN,gold,False
C000872,2026-01-28 22:21:52.159993,VN,bronze,True
C000873,2026-01-13 01:58:36.159993,VN,bronze,False
C000874,2026-01-15 02:20:10.159993,VN,bronze,True
C000875,2026-04-28 03:19:17.159993,VN,bronze,True
C000876,2026-03-24 10:14:22.159993,VN,gold,True
C000877,2026-03-30 18:46:08.159993,VN,bronze,True
C000878,2026-05-06 17:52:42.159993,VN,bronze,False
C000879,2026-04-01 07:10:57.159993,VN,bronze,True
C000880,2026-04-16 00:19:01.159993,VN,bronze,False
C000881,2026-01-08 02:17:29.159993,VN,bronze,True
C000882,2026-05-25 19:33:07.159993,VN,gold,False
C000883,2026-03-14 09:23:55.159993,VN,bronze,False
C000884,2026-01-20 13:11:09.159993,VN,bronze,True
C000885,2026-05-19 00:14:41.159993,VN,bronze,True
C000886,2026-05-04 20:13:44.159993,VN,gold,True
C000887,2026-01-02 03:44:16.159993,CN,bronze,True
C000888,2026-01-27 08:36:18.159993,VN,silver,False
C000889,2025-12-26 10:42:12.159993,VN,bronze,True
C000890,2026-02-10 08:20:37.159993,VN,gold,True
C000891,2026-01-10 14:34:51.159993,VN,bronze,True
C000892,2026-04-30 09:27:14.159993,VN,bronze,True
C000893,2026-03-27 16:05:43.159993,VN,silver,False
C000894,2026-06-18 01:09:01.159993,VN,gold,True
C000895,2026-05-07 12:10:40.159993,VN,bronze,False
C000896,2026-04-12 16:32:03.159993,CN,silver,False
C000897,2026-03-25 06:53:58.159993,VN,bronze,True
C000898,2026-01-02 10:06:25.159993,VN,bronze,True
C000899,2026-01-05 05:56:06.159993,VN,bronze,True
C000900,2026-04-13 13:07:14.159993,VN,silver,True
C000901,2025-12-24 09:35:01.159993,VN,bronze,True
C000902,2025-12-31 05:37:12.159993,VN,gold,False
C000903,2026-02-01 01:19:56.159993,VN,bronze,True
C000904,2026-05-31 18:10:31.159993,VN,silver,False
C000905,2026-03-16 05:14:38.159993,VN,silver,False
C000906,2026-04-30 08:02:38.159993,VN,silver,False
C000907,2026-03-07 16:36:53.159993,VN,bronze,True
C000908,2026-01-23 18:34:41.159993,VN,gold,True
C000909,2026-02-28 10:03:43.159993,VN,bronze,True
C000910,2026-01-09 02:54:02.159993,JP,bronze,True
C000911,2026-05-11 06:09:33.159993,VN,bronze,True
C000912,2026-01-25 15:31:45.159993,KR,bronze,True
C000913,2026-03-01 08:36:49.159993,VN,bronze,True
C000914,2026-06-18 00:22:59.159993,VN,bronze,True
C000915,2026-04-09 03:56:49.159993,VN,silver,True
C000916,2026-03-16 03:38:52.159993,VN,bronze,True
C000917,2026-03-31 08:28:51.159993,VN,bronze,True
C000918,2026-05-13 17:53:43.159993,VN,bronze,False
C000919,2026-02-07 10:01:37.159993,VN,bronze,True
C000920,2026-04-17 03:56:59.159993,JP,bronze,False
C000921,2026-05-29 16:41:35.159993,VN,bronze,False
C000922,2026-04-05 15:29:26.159993,VN,bronze,True
C000923,2026-03-13 23:43:07.159993,VN,bronze,True
C000924,2026-01-18 17:37:42.159993,VN,silver,True
C000925,2026-02-06 07:16:35.159993,US,silver,True
C000926,2026-06-11 21:29:29.159993,VN,silver,True
C000927,2026-03-31 00:54:31.159993,VN,gold,True
C000928,2026-02-15 20:27:57.159993,VN,gold,False
C000929,2026-03-08 22:01:01.159993,VN,bronze,False
C000930,2026-04-06 15:42:00.159993,VN,bronze,False
C000931,2026-03-30 08:52:10.159993,VN,bronze,True
C000932,2026-04-28 13:41:52.159993,VN,bronze,True
C000933,2026-02-07 23:02:02.159993,VN,gold,False
C000934,2026-04-19 11:21:11.159993,VN,silver,True
C000935,2026-03-13 07:01:52.159993,VN,silver,True
C000936,2026-06-10 22:02:01.159993,JP,bronze,True
C000937,2026-01-21 00:53:32.159993,VN,silver,True
C000938,2026-01-19 07:55:20.159993,VN,bronze,True
C000939,2026-03-16 17:01:49.159993,VN,bronze,True
C000940,2026-03-25 02:44:58.159993,VN,bronze,True
C000941,2026-04-26 23:14:48.159993,CN,silver,True
C000942,2026-03-06 08:05:39.159993,VN,gold,True
C000943,2026-06-06 01:55:06.159993,VN,silver,True
C000944,2026-03-18 23:04:29.159993,VN,gold,True
C000945,2026-01-15 21:23:56.159993,VN,silver,False
C000946,2026-01-14 01:41:07.159993,VN,bronze,True
C000947,2026-06-16 19:46:44.159993,VN,bronze,True
C000948,2026-01-16 17:57:16.159993,VN,bronze,False
C000949,2026-06-12 05:22:58.159993,VN,bronze,True
C000950,2026-02-11 15:57:07.159993,VN,silver,False
C000951,2026-01-09 10:11:37.159993,VN,bronze,True
C000952,2026-02-16 10:59:22.159993,VN,bronze,True
C000953,2026-04-13 06:09:40.159993,VN,bronze,True
C000954,2026-03-10 15:12:27.159993,VN,bronze,True
C000955,2026-05-14 00:22:23.159993,VN,silver,False
C000956,2026-04-12 14:07:55.159993,VN,gold,False
C000957,2026-03-05 18:03:09.159993,VN,silver,False
C000958,2026-04-16 20:15:49.159993,VN,bronze,False
C000959,2026-06-16 11:23:03.159993,VN,bronze,True
C000960,2026-03-07 17:41:20.159993,VN,silver,False
C000961,2026-01-20 05:32:33.159993,VN,bronze,True
C000962,2026-03-07 04:36:31.159993,VN,bronze,False
C000963,2026-05-23 19:57:44.159993,VN,silver,True
C000964,2026-01-31 18:49:15.159993,VN,silver,True
C000965,2026-06-12 10:57:44.159993,VN,bronze,False
C000966,2026-04-08 12:08:55.159993,VN,bronze,False
C000967,2026-04-10 21:27:45.159993,VN,bronze,True
C000968,2026-02-18 16:16:57.159993,VN,silver,True
C000969,2026-06-07 07:02:25.159993,VN,bronze,True
C000970,2025-12-30 02:26:39.159993,VN,silver,False
C000971,2026-02-15 08:55:33.159993,VN,bronze,True
C000972,2026-03-08 22:09:14.159993,VN,silver,True
C000973,2026-03-19 12:29:44.159993,VN,silver,True
C000974,2026-03-18 22:55:08.159993,VN,bronze,True
C000975,2026-01-19 05:41:58.159993,VN,bronze,True
C000976,2026-02-02 05:13:37.159993,VN,bronze,True
C000977,2026-01-09 18:06:42.159993,VN,bronze,False
C000978,2026-04-05 15:41:02.159993,VN,bronze,False
C000979,2026-02-24 18:25:07.159993,VN,bronze,False
C000980,2026-04-04 10:48:01.159993,JP,bronze,True
C000981,2026-04-08 18:13:54.159993,VN,bronze,True
C000982,2026-04-28 23:18:54.159993,VN,gold,False
C000983,2026-04-01 01:51:33.159993,VN,bronze,False
C000984,2026-04-19 05:48:11.159993,VN,silver,True
C000985,2026-04-08 07:09:15.159993,VN,bronze,True
C000986,2026-04-20 01:10:35.159993,VN,gold,False
C000987,2026-04-13 14:34:03.159993,VN,bronze,True
C000988,2026-02-18 12:42:39.159993,VN,bronze,False
C000989,2026-02-05 22:36:52.159993,VN,bronze,True
C000990,2026-05-14 08:22:22.159993,VN,bronze,True
C000991,2026-02-23 07:08:18.159993,KR,gold,True
C000992,2026-04-01 10:58:10.159993,VN,bronze,True
C000993,2026-01-28 01:35:22.159993,VN,bronze,False
C000994,2026-03-11 06:23:32.159993,US,bronze,True
C000995,2026-03-28 22:48:46.159993,VN,bronze,True
C000996,2026-04-15 07:02:23.159993,VN,bronze,False
C000997,2026-03-28 08:36:46.159993,VN,bronze,False
C000998,2026-02-26 12:42:19.159993,VN,bronze,False
C000999,2026-06-14 17:31:04.159993,VN,silver,True
C001000,2026-03-25 21:41:57.159993,VN,bronze,False
