product_id,category,brand,base_price,is_active,created_ts
P000001,electronics,Samsung,708.94,True,2026-02-12 10:11:25.159993
P000002,electronics,Sony,1734.43,True,2026-02-22 07:31:50.159993
P000003,electronics,Apple,353.8,True,2026-02-12 16:36:28.159993
P000004,home_living,Home Depot,971.97,True,2026-06-21 01:18:59.159993
P000005,electronics,LG,1877.25,True,2026-05-24 17:38:24.159993
P000006,electronics,LG,1376.48,True,2026-05-06 23:16:35.159993
P000007,electronics,Dell,405.69,False,2026-06-19 12:43:04.159993
P000008,electronics,Samsung,1423.64,True,2026-04-28 12:17:40.159993
P000009,electronics,Dell,1829.84,True,2026-02-28 00:05:06.159993
P000010,electronics,Apple,503.17,True,2026-06-06 12:11:25.159993
P000011,grocery,Kroger,20.96,True,2026-03-26 05:03:27.159993
P000012,sports,Nike,127.53,True,2026-03-25 14:50:21.159993
P000013,electronics,Samsung,627.66,True,2026-03-24 15:25:53.159993
P000014,electronics,LG,583.15,False,2026-04-30 14:37:36.159993
P000015,electronics,LG,1818.5,True,2026-04-24 10:31:14.159993
P000016,electronics,Apple,839.54,True,2026-04-28 08:33:08.159993
P000017,electronics,LG,449.39,False,2026-06-05 10:01:58.159993
P000018,grocery,Costco,9.09,True,2026-02-13 15:04:44.159993
P000019,home_living,Lowe's,896.65,True,2026-02-10 04:13:17.159993
P000020,electronics,Apple,628.21,True,2026-06-17 01:52:42.159993
P000021,electronics,LG,1233.2,True,2026-05-19 05:49:43.159993
P000022,books,Penguin,40.0,True,2026-01-02 17:01:10.159993
P000023,electronics,Sony,1958.73,False,2026-04-15 10:58:18.159993
P000024,books,Penguin,66.96,True,2026-02-02 16:48:15.159993
P000025,toys,Hasbro,206.32,True,2026-04-27 01:33:23.159993
P000026,electronics,Samsung,1337.21,True,2026-03-22 10:42:22.159993
P000027,electronics,Dell,541.67,True,2026-03-01 11:57:41.159993
P000028,electronics,LG,1328.0,True,2026-04-23 16:57:29.159993
P000029,electronics,Apple,1194.26,True,2026-06-05 11:17:55.159993
P000030,electronics,Apple,1474.37,True,2026-03-15 17:42:25.159993
P000031,electronics,Dell,559.35,True,2026-04-24 10:53:24.159993
P000032,electronics,Samsung,671.75,True,2026-05-17 15:15:42.159993
P000033,electronics,Apple,265.77,True,2026-06-20 08:56:20.159993
P000034,electronics,LG,1185.61,True,2026-04-19 17:20:20.159993
P000035,electronics,LG,611.08,True,2026-05-22 07:11:10.159993
P000036,electronics,Samsung,434.19,False,2026-01-03 01:45:38.159993
P000037,electronics,Sony,1590.88,True,2026-06-11 07:29:26.159993
P000038,electronics,Sony,851.35,True,2025-12-31 13:50:29.159993
P000039,electronics,Sony,998.6,True,2026-02-26 01:28:29.159993
P000040,electronics,Apple,556.9,True,2026-04-04 10:18:23.159993
P000041,electronics,Samsung,834.66,True,2026-04-03 06:01:58.159993
P000042,electronics,Sony,1689.48,True,2026-04-30 01:30:13.159993
P000043,electronics,Apple,1704.4,True,2026-05-22 15:34:47.159993
P000044,electronics,Samsung,677.5,True,2026-05-22 12:24:13.159993
P000045,electronics,Sony,1873.28,True,2026-04-14 14:45:34.159993
P000046,electronics,Samsung,1555.11,True,2026-01-29 01:14:27.159993
P000047,electronics,Apple,233.35,False,2026-04-11 19:46:43.159993
P000048,home_living,IKEA,494.03,True,2026-01-22 19:08:55.159993
P000049,electronics,LG,1839.93,True,2026-02-22 16:22:47.159993
P000050,electronics,Samsung,563.1,True,2026-03-03 05:35:05.159993
P000051,electronics,Samsung,805.96,True,2026-03-12 10:52:49.159993
P000052,electronics,Samsung,1644.34,True,2026-03-27 10:49:16.159993
P000053,electronics,Apple,918.6,True,2026-05-25 15:27:51.159993
P000054,electronics,Samsung,1664.6,True,2026-03-23 00:27:56.159993
P000055,electronics,Sony,1701.66,True,2025-12-27 19:52:16.159993
P000056,home_living,Lowe's,1443.17,False,2026-03-19 02:30:33.159993
P000057,electronics,Sony,965.3,True,2026-04-18 13:21:09.159993
P000058,electronics,Dell,1167.45,True,2026-05-22 14:44:08.159993
P000059,fashion,Uniqlo,150.35,True,2026-05-14 06:50:24.159993
P000060,electronics,Sony,1525.07,True,2026-05-21 05:56:18.159993
P000061,home_living,Wayfair,1202.79,True,2026-02-09 10:03:59.159993
P000062,electronics,Samsung,512.56,True,2025-12-29 02:05:36.159993
P000063,electronics,Samsung,211.84,True,2026-02-07 11:05:17.159993
P000064,electronics,Dell,1406.61,True,2025-12-24 12:10:36.159993
P000065,electronics,Samsung,509.27,True,2026-02-26 08:43:02.159993
P000066,electronics,Apple,1208.64,True,2026-03-20 10:08:10.159993
P000067,electronics,Samsung,624.13,True,2026-05-25 15:41:01.159993
P000068,beauty,L'Oreal,146.58,True,2026-05-11 15:23:05.159993
P000069,home_living,IKEA,810.99,True,2026-02-27 19:01:15.159993
P000070,electronics,LG,1035.7,True,2026-01-10 21:38:12.159993
P000071,electronics,Sony,1107.76,True,2026-01-27 20:59:01.159993
P000072,electronics,Dell,809.43,True,2026-04-16 16:50:23.159993
P000073,books,HarperCollins,18.7,True,2026-04-04 23:00:34.159993
P000074,beauty,Clinique,254.86,False,2026-04-27 08:11:48.159993
P000075,electronics,Apple,1725.0,True,2026-05-28 03:26:26.159993
P000076,electronics,Samsung,1993.18,True,2026-04-27 09:42:48.159993
P000077,home_living,Wayfair,118.6,True,2026-04-09 16:17:51.159993
P000078,electronics,Apple,1648.51,True,2026-05-19 12:50:55.159993
P000079,electronics,Dell,475.92,True,2026-03-24 09:15:52.159993
P000080,electronics,Apple,1094.09,False,2026-01-21 15:31:20.159993
P000081,electronics,Samsung,113.79,True,2026-06-16 08:56:47.159993
P000082,electronics,Samsung,384.31,True,2026-05-22 16:14:40.159993
P000083,beauty,L'Oreal,80.73,True,2026-05-29 18:00:16.159993
P000084,electronics,Sony,398.93,True,2026-04-29 06:04:31.159993
P000085,fashion,Nike,311.52,True,2026-04-25 22:18:09.159993
P000086,electronics,LG,596.33,True,2026-06-03 19:59:04.159993
P000087,electronics,Sony,437.07,True,2026-01-24 20:51:12.159993
P000088,electronics,Apple,316.13,True,2026-01-25 13:05:39.159993
P000089,electronics,LG,1258.98,True,2026-05-23 08:42:05.159993
P000090,electronics,Samsung,911.3,True,2026-04-12 19:52:15.159993
P000091,books,Simon & Schuster,56.35,True,2026-05-02 01:37:29.159993
P000092,electronics,Samsung,547.84,True,2026-03-01 17:27:11.159993
P000093,electronics,Apple,1669.16,True,2026-05-10 01:50:25.159993
P000094,electronics,LG,477.6,True,2026-03-10 19:39:41.159993
P000095,electronics,Samsung,1267.28,True,2026-05-09 05:47:29.159993
P000096,toys,Fisher-Price,372.33,True,2026-06-19 08:58:48.159993
P000097,electronics,Sony,1499.25,True,2026-04-06 07:27:53.159993
P000098,electronics,Dell,1762.8,True,2026-01-30 05:07:11.159993
P000099,electronics,Dell,1700.25,True,2026-05-18 08:54:50.159993
P000100,electronics,Samsung,487.73,True,2026-06-17 00:24:31.159993
P000101,electronics,Apple,106.37,True,2026-03-07 19:18:54.159993
P000102,books,Penguin,44.65,True,2026-01-18 04:07:02.159993
P000103,grocery,Whole Foods,35.47,True,2026-02-10 21:41:17.159993
P000104,electronics,Dell,373.15,False,2026-01-19 08:48:08.159993
P000105,electronics,Apple,780.41,False,2026-04-19 14:36:27.159993
P000106,electronics,Apple,654.84,True,2026-04-08 05:56:35.159993
P000107,electronics,Sony,303.72,True,2026-04-11 05:33:02.159993
P000108,electronics,Apple,122.16,True,2026-03-12 02:45:14.159993
P000109,books,Penguin,91.86,True,2026-03-03 13:02:37.159993
P000110,electronics,Samsung,1933.44,True,2026-05-24 16:08:19.159993
P000111,electronics,Sony,1817.6,True,2026-02-02 21:32:16.159993
P000112,electronics,Apple,1915.88,True,2026-03-30 13:40:54.159993
P000113,electronics,Apple,1736.82,True,2026-05-21 06:01:14.159993
P000114,electronics,LG,133.13,True,2026-06-06 03:25:12.159993
P000115,books,Penguin,37.57,True,2026-04-07 23:20:15.159993
P000116,electronics,Samsung,623.48,True,2026-03-17 07:14:15.159993
P000117,beauty,Nivea,278.66,True,2026-03-08 00:11:38.159993
P000118,electronics,Sony,1067.21,True,2026-05-27 13:27:16.159993
P000119,electronics,Sony,1333.68,True,2026-01-28 01:31:34.159993
P000120,grocery,Costco,18.57,True,2026-05-23 23:12:42.159993
P000121,electronics,Samsung,1866.2,True,2026-04-19 04:51:28.159993
P000122,electronics,Dell,1945.52,False,2026-03-02 00:28:11.159993
P000123,electronics,Sony,1233.06,True,2026-03-29 11:20:09.159993
P000124,electronics,Samsung,662.53,True,2026-05-28 10:49:08.159993
P000125,electronics,Dell,563.96,True,2026-01-14 09:28:30.159993
P000126,electronics,Apple,602.62,True,2026-04-27 14:11:04.159993
P000127,books,Simon & Schuster,94.06,True,2026-01-24 14:13:56.159993
P000128,electronics,Apple,538.17,True,2025-12-25 12:15:37.159993
P000129,electronics,Samsung,1756.87,True,2026-04-06 13:25:00.159993
P000130,books,Penguin,21.09,True,2026-03-24 11:04:09.159993
P000131,grocery,Costco,29.85,True,2026-04-24 11:10:26.159993
P000132,electronics,Sony,1097.12,True,2025-12-26 02:43:16.159993
P000133,electronics,LG,1130.53,False,2026-02-12 13:27:53.159993
P000134,electronics,Apple,1280.87,True,2026-01-02 20:06:13.159993
P000135,electronics,LG,1752.72,True,2026-05-14 02:08:54.159993
P000136,electronics,Apple,1094.77,True,2026-02-21 06:27:22.159993
P000137,electronics,Samsung,1305.73,True,2026-05-04 02:24:18.159993
P000138,home_living,Home Depot,742.8,True,2026-01-24 02:29:29.159993
P000139,electronics,LG,1764.18,True,2026-02-17 05:46:59.159993
P000140,electronics,Samsung,982.04,True,2026-04-03 02:58:09.159993
P000141,electronics,Samsung,1728.79,True,2026-01-26 18:18:04.159993
P000142,electronics,Sony,1364.85,True,2026-06-03 09:52:53.159993
P000143,electronics,Dell,898.04,True,2026-05-08 03:32:18.159993
P000144,electronics,Dell,995.44,True,2026-01-17 12:10:37.159993
P000145,grocery,Aldi,2.73,True,2026-04-29 03:07:27.159993
P000146,electronics,Samsung,710.88,True,2026-03-30 07:49:56.159993
P000147,books,Penguin,45.28,True,2026-03-11 17:26:06.159993
P000148,electronics,Sony,1228.6,True,2026-03-18 20:50:08.159993
P000149,fashion,Adidas,21.16,True,2026-04-13 16:55:18.159993
P000150,electronics,Apple,1591.64,True,2026-01-05 03:20:26.159993
P000151,electronics,Samsung,711.98,True,2026-04-29 02:37:33.159993
P000152,fashion,H&M,68.04,True,2026-04-21 07:22:51.159993
P000153,electronics,Dell,1133.43,True,2026-04-09 01:48:05.159993
P000154,electronics,LG,378.8,True,2026-04-05 10:28:43.159993
P000155,electronics,Apple,1456.93,False,2026-03-07 01:35:40.159993
P000156,electronics,Apple,554.7,False,2026-04-30 17:46:56.159993
P000157,electronics,Sony,1411.2,True,2026-02-14 16:14:49.159993
P000158,electronics,Apple,1994.69,True,2026-02-13 15:43:13.159993
P000159,home_living,Wayfair,761.6,True,2026-04-29 12:04:10.159993
P000160,electronics,Apple,122.22,True,2026-02-14 19:14:38.159993
P000161,home_living,Lowe's,273.91,True,2026-06-18 20:04:09.159993
P000162,toys,LEGO,140.8,True,2026-03-15 22:39:41.159993
P000163,toys,LEGO,214.31,True,2026-05-10 05:57:30.159993
P000164,electronics,Sony,1534.92,True,2026-03-23 11:06:53.159993
P000165,electronics,Samsung,1110.52,True,2026-02-06 12:16:06.159993
P000166,home_living,Home Depot,1189.26,True,2026-04-21 21:21:14.159993
P000167,electronics,Dell,465.82,True,2026-05-11 07:40:49.159993
P000168,fashion,Nike,139.17,True,2026-04-11 18:07:15.159993
P000169,electronics,LG,582.43,True,2026-06-20 19:09:09.159993
P000170,electronics,Samsung,808.52,True,2026-02-17 05:52:39.159993
P000171,electronics,Sony,1191.32,False,2026-04-26 13:47:24.159993
P000172,electronics,Apple,598.48,True,2026-04-25 02:20:16.159993
P000173,electronics,Samsung,1705.15,True,2026-04-27 13:10:29.159993
P000174,grocery,Whole Foods,3.71,True,2026-03-20 01:31:25.159993
P000175,electronics,Dell,524.31,True,2026-01-07 01:05:52.159993
P000176,electronics,Samsung,1380.48,False,2026-01-05 11:21:51.159993
P000177,electronics,Apple,256.27,True,2026-03-08 15:06:34.159993
P000178,electronics,Dell,1190.26,True,2026-04-06 11:28:47.159993
P000179,electronics,Samsung,1746.85,True,2026-04-10 00:14:49.159993
P000180,electronics,Sony,922.37,True,2026-04-03 04:33:10.159993
P000181,electronics,Dell,794.31,True,2026-01-25 10:35:04.159993
P000182,electronics,Apple,1372.23,True,2026-03-29 23:11:02.159993
P000183,electronics,Dell,1753.7,False,2026-01-06 21:24:20.159993
P000184,electronics,Dell,127.09,True,2026-02-02 23:30:41.159993
P000185,electronics,Apple,643.85,True,2026-06-05 00:17:55.159993
P000186,electronics,Samsung,148.72,False,2025-12-27 17:37:15.159993
P000187,electronics,Samsung,362.53,True,2026-01-15 23:03:40.159993
P000188,electronics,LG,1044.04,True,2026-01-11 04:35:35.159993
P000189,electronics,Apple,1389.24,True,2026-01-23 08:39:00.159993
P000190,electronics,Samsung,560.65,True,2026-02-09 12:42:20.159993
P000191,electronics,LG,1898.07,True,2026-01-24 04:29:03.159993
P000192,electronics,Samsung,1167.53,True,2026-06-10 04:04:01.159993
P000193,books,Penguin,26.11,True,2026-05-16 16:21:08.159993
P000194,electronics,Sony,1736.61,True,2026-05-10 00:46:58.159993
P000195,home_living,Lowe's,828.98,True,2025-12-29 15:33:35.159993
P000196,toys,Mattel,232.25,True,2026-01-20 01:23:51.159993
P000197,electronics,Sony,374.57,True,2026-03-04 04:45:16.159993
P000198,electronics,Apple,1826.72,True,2026-05-11 16:10:01.159993
P000199,electronics,Samsung,1837.59,False,2026-03-23 06:38:29.159993
P000200,home_living,Wayfair,1368.99,True,2026-01-19 09:34:07.159993
P000201,electronics,Dell,1143.59,True,2026-06-10 23:53:29.159993
P000202,electronics,Dell,1657.89,True,2026-01-27 15:08:00.159993
P000203,electronics,Samsung,372.51,True,2025-12-25 14:27:31.159993
P000204,electronics,Sony,375.65,True,2026-02-04 17:12:02.159993
P000205,home_living,Home Depot,1027.59,True,2026-02-19 02:26:24.159993
P000206,electronics,Sony,1585.25,True,2026-03-19 16:49:41.159993
P000207,electronics,Dell,1903.85,True,2026-05-22 02:40:54.159993
P000208,electronics,Apple,877.76,False,2026-03-05 02:17:29.159993
P000209,electronics,Dell,240.61,True,2026-05-14 05:52:58.159993
P000210,electronics,Sony,849.87,True,2026-01-12 23:54:23.159993
P000211,electronics,Sony,524.47,True,2026-02-12 16:58:08.159993
P000212,electronics,Sony,1355.24,True,2026-04-21 22:17:49.159993
P000213,electronics,Dell,1329.61,True,2026-02-22 10:17:10.159993
P000214,toys,LEGO,24.93,True,2026-01-17 00:42:47.159993
P000215,electronics,Apple,1358.6,True,2026-05-29 14:11:45.159993
P000216,electronics,Sony,1516.37,True,2026-01-30 22:59:20.159993
P000217,electronics,Samsung,1403.4,False,2025-12-25 00:13:12.159993
P000218,electronics,Samsung,1997.53,True,2026-02-20 01:41:21.159993
P000219,electronics,LG,982.72,True,2026-02-06 08:10:04.159993
P000220,electronics,Dell,1661.8,True,2026-02-09 05:25:17.159993
P000221,electronics,Samsung,829.56,True,2026-06-13 23:43:12.159993
P000222,fashion,Nike,395.06,True,2026-06-12 17:55:37.159993
P000223,electronics,LG,1597.96,True,2026-05-26 04:44:05.159993
P000224,electronics,Apple,1528.69,True,2026-02-05 12:02:40.159993
P000225,electronics,Sony,810.98,True,2026-02-28 00:18:09.159993
P000226,electronics,Samsung,661.78,True,2026-02-21 03:44:56.159993
P000227,home_living,Home Depot,544.88,True,2026-01-12 13:56:16.159993
P000228,electronics,Dell,224.88,True,2026-01-14 15:37:05.159993
P000229,electronics,Apple,1312.83,True,2026-06-12 10:04:33.159993
P000230,electronics,Samsung,626.37,True,2026-06-11 13:00:02.159993
P000231,electronics,Samsung,1513.28,True,2026-01-28 23:29:58.159993
P000232,books,Penguin,71.84,True,2026-01-21 20:28:58.159993
P000233,electronics,Sony,113.86,True,2026-03-22 16:10:30.159993
P000234,electronics,Samsung,1658.18,True,2026-04-16 17:20:52.159993
P000235,electronics,Apple,1886.98,True,2026-05-24 14:00:28.159993
P000236,electronics,Sony,631.33,True,2026-05-03 19:01:07.159993
P000237,electronics,Sony,1622.17,True,2026-02-12 10:46:49.159993
P000238,electronics,LG,815.39,True,2026-01-06 19:31:30.159993
P000239,electronics,Samsung,1699.59,False,2026-01-22 13:53:15.159993
P000240,electronics,Apple,796.09,False,2026-04-26 11:47:53.159993
P000241,electronics,Sony,1279.61,True,2026-04-15 21:13:22.159993
P000242,toys,Mattel,97.78,True,2026-03-31 02:48:01.159993
P000243,home_living,Home Depot,297.92,True,2026-02-18 02:15:54.159993
P000244,electronics,Samsung,1072.6,True,2026-05-03 11:41:25.159993
P000245,fashion,Adidas,430.92,True,2026-05-07 09:50:57.159993
P000246,electronics,Samsung,818.96,True,2026-05-03 08:01:11.159993
P000247,electronics,Samsung,1979.0,True,2026-01-01 06:30:04.159993
P000248,electronics,Sony,372.05,True,2026-03-17 19:12:09.159993
P000249,electronics,Apple,1700.31,True,2026-04-28 19:36:10.159993
P000250,electronics,Sony,191.78,True,2026-05-20 08:38:47.159993
P000251,electronics,Dell,253.9,False,2026-02-19 23:07:55.159993
P000252,electronics,Samsung,197.08,True,2026-01-14 12:14:30.159993
P000253,electronics,Sony,851.81,True,2026-01-18 08:46:04.159993
P000254,electronics,Sony,972.14,True,2026-05-23 10:59:39.159993
P000255,electronics,Sony,1148.08,True,2025-12-23 21:25:34.159993
P000256,home_living,Home Depot,91.68,True,2026-04-20 15:21:46.159993
P000257,electronics,Samsung,1644.63,True,2026-01-24 19:16:14.159993
P000258,electronics,Samsung,907.59,True,2026-03-25 05:48:10.159993
P000259,electronics,Sony,1864.34,False,2026-04-20 11:23:41.159993
P000260,electronics,Sony,1962.91,True,2026-01-20 14:23:49.159993
P000261,electronics,LG,1772.1,True,2026-02-09 20:39:00.159993
P000262,electronics,Samsung,736.56,True,2026-03-26 19:11:27.159993
P000263,electronics,Sony,222.37,True,2026-01-23 11:14:21.159993
P000264,electronics,LG,336.58,False,2026-02-02 00:07:08.159993
P000265,books,Simon & Schuster,76.77,True,2026-01-29 11:29:42.159993
P000266,electronics,Sony,1275.51,True,2026-05-18 01:37:54.159993
P000267,electronics,Samsung,1814.36,True,2026-02-10 06:58:09.159993
P000268,electronics,Samsung,796.4,True,2026-03-25 01:31:39.159993
P000269,electronics,LG,976.7,True,2026-05-02 11:05:12.159993
P000270,electronics,LG,380.64,True,2026-04-26 09:54:28.159993
P000271,toys,Mattel,384.17,True,2026-01-31 17:10:10.159993
P000272,electronics,Samsung,1893.6,True,2026-06-11 01:34:33.159993
P000273,electronics,Dell,1666.56,False,2026-01-11 14:42:12.159993
P000274,books,Simon & Schuster,58.35,True,2026-06-06 14:44:31.159993
P000275,electronics,Apple,254.29,True,2026-06-08 09:25:48.159993
P000276,electronics,LG,135.17,True,2026-04-18 21:37:09.159993
P000277,electronics,Samsung,134.75,True,2026-04-24 23:28:00.159993
P000278,electronics,Samsung,315.76,True,2026-05-19 18:44:23.159993
P000279,electronics,Sony,948.41,True,2026-02-09 18:57:06.159993
P000280,electronics,Sony,896.18,True,2026-03-20 04:26:01.159993
P000281,electronics,LG,1799.35,True,2026-03-15 08:10:47.159993
P000282,electronics,LG,1298.18,True,2026-03-28 04:08:02.159993
P000283,electronics,Sony,920.82,True,2026-01-22 22:16:58.159993
P000284,electronics,Samsung,313.06,False,2026-06-10 15:30:44.159993
P000285,electronics,Dell,124.41,False,2026-03-30 23:55:41.159993
P000286,electronics,Apple,1963.66,True,2025-12-29 00:28:22.159993
P000287,electronics,Dell,968.94,True,2026-05-28 05:11:57.159993
P000288,electronics,Apple,997.91,False,2026-02-28 11:14:40.159993
P000289,electronics,Samsung,1937.94,True,2026-06-18 10:04:54.159993
P000290,beauty,L'Oreal,271.21,True,2026-03-12 09:06:12.159993
P000291,electronics,Dell,1717.2,True,2026-04-27 01:48:19.159993
P000292,electronics,Samsung,234.11,True,2026-01-18 18:36:53.159993
P000293,electronics,Dell,1434.85,True,2026-05-23 09:18:25.159993
P000294,electronics,Samsung,676.78,True,2026-02-03 07:03:09.159993
P000295,electronics,Apple,813.42,True,2026-05-15 07:00:52.159993
P000296,electronics,Sony,742.88,True,2026-04-16 00:52:45.159993
P000297,electronics,Apple,144.92,True,2026-03-25 05:59:59.159993
P000298,electronics,Samsung,1178.18,True,2026-06-06 20:32:37.159993
P000299,sports,Adidas,933.61,True,2026-01-26 05:57:21.159993
P000300,books,HarperCollins,47.94,True,2026-03-27 21:34:08.159993
P000301,electronics,Samsung,869.74,True,2026-02-08 20:50:39.159993
P000302,electronics,Apple,1661.73,True,2026-02-26 01:03:23.159993
P000303,toys,LEGO,133.92,True,2026-05-27 17:29:10.159993
P000304,electronics,Samsung,1518.34,True,2025-12-29 17:27:55.159993
P000305,books,HarperCollins,37.98,True,2026-03-23 17:20:48.159993
P000306,fashion,Zara,131.12,True,2026-06-14 00:20:14.159993
P000307,electronics,LG,1199.79,True,2026-01-04 17:05:19.159993
P000308,electronics,Samsung,1925.87,True,2026-06-14 23:53:55.159993
P000309,electronics,Dell,1158.95,True,2026-04-16 15:11:18.159993
P000310,electronics,LG,1948.09,True,2025-12-27 05:13:29.159993
P000311,electronics,Apple,1032.71,True,2026-06-03 12:20:04.159993
P000312,electronics,Dell,766.77,True,2026-03-19 06:22:36.159993
P000313,grocery,Costco,20.74,True,2026-05-03 05:07:02.159993
P000314,electronics,Samsung,1319.43,True,2026-06-05 20:29:56.159993
P000315,electronics,LG,305.52,True,2026-05-30 08:35:37.159993
P000316,electronics,LG,203.79,True,2026-06-19 14:33:39.159993
P000317,electronics,LG,409.42,True,2026-04-07 14:58:40.159993
P000318,electronics,Dell,1732.19,True,2026-05-14 05:28:35.159993
P000319,electronics,Samsung,1662.56,True,2026-03-22 03:11:35.159993
P000320,electronics,Samsung,1011.98,True,2026-01-04 00:29:52.159993
P000321,books,HarperCollins,56.76,True,2026-02-28 08:40:58.159993
P000322,electronics,Apple,1261.31,True,2026-03-29 14:42:31.159993
P000323,electronics,LG,964.93,True,2026-01-07 01:56:21.159993
P000324,electronics,Samsung,484.71,True,2026-04-19 11:58:20.159993
P000325,books,Macmillan,76.46,True,2026-05-27 03:06:07.159993
P000326,electronics,Samsung,1654.72,True,2026-01-23 06:30:05.159993
P000327,electronics,Sony,1741.17,True,2026-05-10 19:11:21.159993
P000328,electronics,Dell,151.76,False,2025-12-26 19:41:44.159993
P000329,fashion,Adidas,475.33,True,2026-01-01 07:38:08.159993
P000330,electronics,Dell,321.48,False,2026-05-04 01:55:41.159993
P000331,electronics,Apple,1444.86,True,2026-03-27 13:48:08.159993
P000332,electronics,Apple,1943.63,True,2026-01-12 01:13:39.159993
P000333,electronics,Dell,1755.03,True,2026-03-31 16:27:09.159993
P000334,electronics,LG,1110.66,True,2026-03-11 14:38:24.159993
P000335,electronics,Apple,225.93,True,2026-06-21 13:58:50.159993
P000336,electronics,Apple,1022.87,True,2026-05-02 04:51:24.159993
P000337,electronics,LG,794.19,True,2026-04-24 03:42:36.159993
P000338,electronics,Sony,402.46,True,2026-06-05 23:07:14.159993
P000339,electronics,Samsung,780.43,True,2025-12-24 01:48:23.159993
P000340,electronics,LG,338.38,True,2026-04-17 01:54:48.159993
P000341,books,HarperCollins,15.39,False,2026-04-05 00:04:55.159993
P000342,electronics,Samsung,942.36,False,2026-02-13 14:11:32.159993
P000343,electronics,Samsung,1869.22,True,2026-06-11 05:43:00.159993
P000344,electronics,Samsung,217.3,True,2026-03-27 01:40:35.159993
P000345,electronics,Sony,606.24,False,2026-03-07 09:08:00.159993
P000346,electronics,Dell,1842.42,True,2026-03-15 21:56:41.159993
P000347,electronics,Apple,689.1,True,2026-04-14 03:53:57.159993
P000348,electronics,Samsung,1313.62,True,2025-12-28 04:26:37.159993
P000349,beauty,L'Oreal,245.34,True,2026-04-01 06:41:43.159993
P000350,electronics,Sony,190.6,True,2026-06-05 22:27:18.159993
P000351,electronics,Apple,498.38,True,2026-05-06 15:59:34.159993
P000352,electronics,Samsung,1426.45,True,2026-04-18 12:55:55.159993
P000353,electronics,Samsung,397.84,True,2026-02-04 10:44:09.159993
P000354,electronics,Samsung,770.78,False,2026-01-28 02:05:19.159993
P000355,electronics,LG,1953.77,True,2026-04-04 21:12:12.159993
P000356,electronics,Sony,254.34,True,2026-01-19 03:14:48.159993
P000357,electronics,Sony,1755.07,True,2026-02-20 13:23:43.159993
P000358,electronics,Apple,500.38,True,2026-04-14 00:43:25.159993
P000359,books,HarperCollins,17.82,True,2026-04-28 20:47:05.159993
P000360,electronics,Sony,1818.99,True,2026-01-18 18:02:22.159993
P000361,electronics,Sony,944.24,True,2026-04-10 16:04:15.159993
P000362,beauty,Maybelline,163.96,True,2026-06-08 01:23:54.159993
P000363,electronics,Samsung,284.75,True,2026-04-21 09:38:18.159993
P000364,electronics,Sony,622.58,False,2025-12-26 06:50:13.159993
P000365,books,Penguin,47.53,True,2026-02-07 02:18:17.159993
P000366,electronics,Dell,1714.09,False,2026-06-06 05:12:46.159993
P000367,electronics,LG,256.53,True,2026-05-20 07:28:46.159993
P000368,books,Penguin,24.19,True,2026-06-19 12:07:29.159993
P000369,home_living,Bed Bath & Beyond,1463.28,True,2026-02-22 04:49:03.159993
P000370,electronics,Samsung,1910.96,True,2026-05-14 16:15:49.159993
P000371,fashion,Uniqlo,438.52,True,2026-05-11 13:36:15.159993
P000372,electronics,Sony,1047.95,True,2025-12-23 16:02:43.159993
P000373,electronics,Apple,947.7,True,2026-01-23 00:49:00.159993
P000374,electronics,Samsung,500.89,True,2026-01-06 17:15:35.159993
P000375,electronics,Apple,1711.54,True,2026-02-23 19:00:52.159993
P000376,electronics,Samsung,1068.19,True,2026-03-10 18:07:47.159993
P000377,electronics,Samsung,561.23,True,2026-06-10 05:02:48.159993
P000378,fashion,Zara,381.87,True,2026-05-06 12:07:01.159993
P000379,electronics,Samsung,243.16,True,2026-01-14 20:40:56.159993
P000380,electronics,Samsung,1674.15,True,2026-02-01 21:54:30.159993
P000381,electronics,LG,539.13,False,2026-01-11 07:11:06.159993
P000382,electronics,Samsung,1397.07,True,2026-05-10 11:40:01.159993
P000383,electronics,Samsung,915.96,True,2026-02-18 15:39:25.159993
P000384,electronics,Dell,930.26,True,2026-03-29 12:21:05.159993
P000385,electronics,LG,1874.09,True,2026-01-14 08:40:46.159993
P000386,fashion,Zara,242.92,True,2026-04-27 22:56:01.159993
P000387,electronics,Apple,1137.42,True,2026-03-11 00:46:29.159993
P000388,electronics,Apple,833.48,True,2026-05-27 20:39:51.159993
P000389,electronics,Sony,639.01,True,2025-12-28 09:08:39.159993
P000390,electronics,LG,758.72,True,2026-05-14 02:15:40.159993
P000391,electronics,Apple,1505.24,True,2026-05-28 19:25:23.159993
P000392,electronics,Sony,1336.87,True,2026-05-14 01:18:54.159993
P000393,toys,Fisher-Price,39.16,True,2026-06-06 17:42:46.159993
P000394,electronics,Apple,1813.72,True,2026-02-04 09:59:11.159993
P000395,electronics,Apple,288.86,True,2025-12-26 07:49:18.159993
P000396,beauty,L'Oreal,72.3,True,2026-04-21 12:51:30.159993
P000397,electronics,Samsung,1296.06,True,2026-03-23 15:09:15.159993
P000398,sports,Nike,490.78,True,2026-06-12 07:40:40.159993
P000399,electronics,Sony,441.58,False,2026-03-11 00:58:04.159993
P000400,toys,LEGO,227.73,True,2026-01-05 21:52:50.159993
P000401,home_living,Lowe's,531.37,True,2026-02-28 12:34:03.159993
P000402,electronics,Samsung,1679.86,True,2026-01-06 22:33:58.159993
P000403,home_living,Wayfair,1448.48,True,2026-05-26 16:01:32.159993
P000404,sports,Under Armour,39.18,True,2026-04-26 08:26:41.159993
P000405,home_living,Bed Bath & Beyond,316.12,True,2026-05-14 04:25:41.159993
P000406,electronics,Sony,139.86,True,2026-05-21 13:08:45.159993
P000407,electronics,Dell,1856.65,True,2026-05-26 00:45:32.159993
P000408,electronics,LG,1670.62,True,2026-01-24 19:12:50.159993
P000409,toys,Hasbro,256.31,True,2026-06-18 02:58:43.159993
P000410,electronics,Apple,1774.59,True,2026-06-18 11:23:24.159993
P000411,electronics,LG,798.36,False,2026-04-25 11:21:08.159993
P000412,electronics,Apple,1511.32,True,2026-06-18 15:08:17.159993
P000413,electronics,Dell,999.73,True,2026-02-28 08:15:01.159993
P000414,beauty,Maybelline,131.02,True,2026-01-15 15:20:53.159993
P000415,home_living,Home Depot,723.99,True,2026-02-28 13:12:25.159993
P000416,electronics,Sony,1137.53,True,2026-02-11 04:41:19.159993
P000417,electronics,LG,460.04,True,2026-04-18 06:12:37.159993
P000418,electronics,Samsung,246.0,True,2026-02-08 06:31:12.159993
P000419,electronics,Samsung,480.64,True,2026-04-15 13:42:47.159993
P000420,electronics,Samsung,1735.81,True,2026-03-14 12:22:58.159993
P000421,electronics,Samsung,1469.57,True,2026-01-25 08:18:37.159993
P000422,electronics,Sony,973.57,True,2026-02-26 15:26:30.159993
P000423,electronics,Sony,1170.54,True,2026-05-01 03:11:52.159993
P000424,electronics,Samsung,875.88,True,2026-05-17 10:18:58.159993
P000425,electronics,Sony,416.72,True,2026-01-16 00:49:56.159993
P000426,electronics,Dell,462.37,True,2026-04-19 11:28:43.159993
P000427,electronics,Samsung,1266.29,True,2026-03-27 02:12:54.159993
P000428,electronics,LG,745.37,True,2026-01-12 22:17:10.159993
P000429,electronics,Samsung,1810.58,True,2026-05-23 21:54:30.159993
P000430,grocery,Aldi,32.92,True,2026-05-19 14:54:57.159993
P000431,electronics,LG,1519.75,True,2026-04-30 09:47:43.159993
P000432,electronics,LG,1865.88,True,2026-02-06 18:28:21.159993
P000433,electronics,Apple,353.66,True,2026-04-16 13:23:32.159993
P000434,electronics,Samsung,230.55,True,2026-03-27 10:17:55.159993
P000435,grocery,Costco,31.91,True,2026-05-10 22:50:22.159993
P000436,electronics,LG,1726.17,True,2026-05-09 00:11:48.159993
P000437,electronics,Apple,1649.68,True,2026-03-31 19:15:06.159993
P000438,electronics,Samsung,1368.96,False,2026-05-11 11:57:46.159993
P000439,electronics,Samsung,501.44,True,2026-01-01 09:15:46.159993
P000440,electronics,LG,1196.88,True,2026-02-15 05:57:34.159993
P000441,electronics,Sony,1536.52,True,2026-04-13 06:38:08.159993
P000442,electronics,Apple,120.29,True,2026-01-26 23:28:53.159993
P000443,electronics,Apple,1408.17,True,2026-03-18 19:34:55.159993
P000444,electronics,Samsung,777.75,True,2026-04-13 06:05:17.159993
P000445,grocery,Kroger,15.37,True,2026-01-08 19:30:10.159993
P000446,electronics,Samsung,1640.14,False,2026-01-12 00:17:30.159993
P000447,electronics,Sony,601.01,True,2026-06-03 10:58:33.159993
P000448,electronics,Samsung,163.42,True,2026-03-17 01:38:15.159993
P000449,electronics,Apple,595.59,True,2026-01-10 20:55:21.159993
P000450,electronics,Apple,793.14,True,2026-01-15 04:01:53.159993
P000451,electronics,Apple,1164.33,True,2026-03-02 16:38:21.159993
P000452,fashion,Zara,117.57,True,2025-12-31 01:08:08.159993
P000453,beauty,Nivea,167.58,True,2026-02-25 16:54:40.159993
P000454,electronics,Sony,884.28,True,2026-03-27 11:06:55.159993
P000455,electronics,Samsung,432.41,True,2026-02-14 03:49:26.159993
P000456,electronics,Apple,1611.1,True,2026-04-25 10:54:42.159993
P000457,electronics,LG,968.45,True,2026-02-05 22:18:59.159993
P000458,electronics,Sony,1602.05,True,2026-06-03 11:50:48.159993
P000459,electronics,Dell,1585.62,True,2026-04-05 01:55:22.159993
P000460,electronics,Apple,1891.62,True,2026-03-30 20:40:43.159993
P000461,books,HarperCollins,92.03,True,2026-03-23 12:42:28.159993
P000462,electronics,Sony,1819.98,False,2025-12-23 16:09:57.159993
P000463,electronics,LG,1051.21,True,2026-03-17 16:35:21.159993
P000464,electronics,Apple,1269.9,True,2026-06-17 20:33:44.159993
P000465,electronics,Apple,890.88,True,2026-05-17 06:06:21.159993
P000466,electronics,Apple,182.23,True,2026-05-29 02:37:59.159993
P000467,electronics,Dell,847.94,True,2026-02-05 22:17:04.159993
P000468,electronics,Samsung,1513.53,True,2026-05-08 12:19:27.159993
P000469,electronics,LG,927.16,True,2026-01-27 10:34:01.159993
P000470,electronics,Apple,505.16,True,2026-03-16 02:08:05.159993
P000471,beauty,L'Oreal,278.32,False,2026-04-25 12:38:43.159993
P000472,electronics,Samsung,264.67,True,2026-02-01 18:35:00.159993
P000473,electronics,Samsung,1794.25,True,2026-04-18 19:30:14.159993
P000474,electronics,Dell,640.18,True,2026-01-07 17:19:01.159993
P000475,electronics,LG,769.99,True,2026-03-25 15:35:47.159993
P000476,electronics,Apple,119.95,False,2026-05-18 02:03:32.159993
P000477,electronics,Samsung,192.02,True,2026-03-17 04:39:30.159993
P000478,fashion,Nike,459.93,False,2026-02-11 02:40:03.159993
P000479,electronics,Apple,318.03,True,2026-04-17 07:02:06.159993
P000480,electronics,Sony,694.35,True,2026-04-28 17:58:57.159993
P000481,electronics,LG,1447.12,True,2026-03-18 18:14:29.159993
P000482,electronics,Samsung,720.13,True,2026-06-03 14:46:21.159993
P000483,electronics,Samsung,779.77,True,2026-02-15 20:49:51.159993
P000484,electronics,Apple,768.71,True,2026-03-26 08:33:02.159993
P000485,home_living,Wayfair,941.85,True,2026-06-18 10:35:43.159993
P000486,electronics,LG,1162.43,True,2026-01-27 08:08:44.159993
P000487,electronics,Dell,1467.14,False,2026-03-17 18:56:48.159993
P000488,electronics,Samsung,1839.36,True,2026-05-18 15:48:14.159993
P000489,electronics,Dell,1314.0,True,2026-01-21 04:04:16.159993
P000490,fashion,Nike,184.85,True,2026-02-15 19:46:15.159993
P000491,electronics,Apple,873.76,True,2026-05-25 15:40:28.159993
P000492,electronics,Dell,1144.18,True,2026-06-12 02:35:02.159993
P000493,electronics,Sony,1855.43,True,2026-02-15 09:21:31.159993
P000494,electronics,Sony,1011.4,True,2026-02-01 12:36:02.159993
P000495,electronics,LG,299.25,True,2026-06-11 01:36:15.159993
P000496,electronics,Samsung,1057.48,False,2026-03-21 10:55:39.159993
P000497,electronics,Sony,242.36,True,2026-02-25 20:02:07.159993
P000498,electronics,Dell,1597.19,True,2026-01-30 23:22:29.159993
P000499,electronics,Sony,253.05,True,2026-05-24 15:03:29.159993
P000500,electronics,Samsung,1471.06,True,2026-04-11 10:03:53.159993
P000501,electronics,Sony,178.2,True,2026-05-23 23:35:01.159993
P000502,electronics,LG,1021.62,False,2026-05-08 00:54:15.159993
P000503,electronics,LG,460.81,True,2026-02-09 02:16:22.159993
P000504,electronics,LG,1701.63,True,2026-04-21 23:21:03.159993
P000505,electronics,Apple,1800.61,False,2026-04-20 10:18:00.159993
P000506,electronics,Dell,281.96,True,2026-03-05 20:24:30.159993
P000507,electronics,Sony,1029.09,True,2026-04-06 04:51:01.159993
P000508,home_living,Lowe's,882.84,True,2026-04-18 18:39:14.159993
P000509,toys,LEGO,69.55,True,2026-03-29 10:01:40.159993
P000510,electronics,Samsung,173.14,True,2026-05-17 22:39:43.159993
P000511,electronics,Apple,803.09,True,2026-01-08 17:13:48.159993
P000512,electronics,Samsung,1305.82,True,2026-02-01 03:32:38.159993
P000513,electronics,LG,268.03,True,2026-03-10 21:29:21.159993
P000514,electronics,Samsung,919.74,True,2026-05-25 13:04:46.159993
P000515,electronics,Apple,153.98,True,2026-06-09 12:44:35.159993
P000516,books,Penguin,60.89,True,2026-02-05 00:07:51.159993
P000517,electronics,Sony,255.91,True,2026-01-01 21:15:25.159993
P000518,toys,Mattel,304.09,True,2026-06-10 23:41:09.159993
P000519,electronics,Apple,1435.63,True,2026-02-06 23:39:06.159993
P000520,electronics,Samsung,809.94,True,2026-05-03 07:59:13.159993
P000521,electronics,Apple,1007.35,True,2026-05-12 15:38:59.159993
P000522,sports,Puma,939.16,True,2026-01-02 00:06:10.159993
P000523,electronics,Sony,945.91,False,2026-04-29 10:41:02.159993
P000524,electronics,Samsung,705.15,True,2026-03-21 19:39:22.159993
P000525,electronics,Apple,1189.62,True,2026-04-06 11:11:28.159993
P000526,electronics,Samsung,461.38,True,2026-04-12 13:37:57.159993
P000527,electronics,Samsung,344.0,True,2026-01-17 03:41:12.159993
P000528,electronics,Samsung,1159.69,False,2026-06-19 03:26:16.159993
P000529,electronics,Apple,923.0,True,2026-06-18 23:54:55.159993
P000530,electronics,LG,130.64,True,2026-02-03 22:51:44.159993
P000531,electronics,Dell,512.68,True,2026-05-16 13:04:13.159993
P000532,electronics,LG,1097.79,True,2025-12-26 21:44:07.159993
P000533,electronics,Apple,1785.75,True,2026-03-19 02:36:57.159993
P000534,electronics,Samsung,1699.3,True,2026-06-05 05:16:43.159993
P000535,electronics,LG,691.04,True,2026-01-17 05:51:50.159993
P000536,electronics,Samsung,470.49,True,2026-01-16 01:54:26.159993
P000537,electronics,Samsung,1276.32,True,2026-05-15 22:39:10.159993
P000538,electronics,Apple,1885.34,True,2026-03-20 08:53:24.159993
P000539,electronics,Sony,173.59,True,2026-04-24 19:25:12.159993
P000540,electronics,Sony,531.52,True,2026-01-25 02:21:47.159993
P000541,grocery,Costco,12.92,True,2026-05-17 02:52:05.159993
P000542,home_living,Home Depot,1424.41,True,2026-05-11 01:55:35.159993
P000543,electronics,Sony,1560.53,True,2026-05-14 11:50:43.159993
P000544,electronics,Samsung,1583.93,True,2026-05-26 23:58:08.159993
P000545,home_living,Lowe's,707.48,True,2026-05-05 23:01:55.159993
P000546,electronics,LG,1154.69,True,2026-04-12 11:50:10.159993
P000547,electronics,Apple,122.18,True,2026-06-11 09:18:34.159993
P000548,electronics,Apple,1041.61,True,2026-02-09 06:21:31.159993
P000549,electronics,Apple,1789.52,True,2026-03-28 18:44:29.159993
P000550,electronics,LG,110.91,True,2026-02-01 06:15:44.159993
P000551,electronics,Samsung,151.2,True,2026-01-01 06:22:15.159993
P000552,electronics,Samsung,682.23,True,2026-05-08 15:53:07.159993
P000553,home_living,Home Depot,1099.35,True,2026-03-24 03:42:10.159993
P000554,electronics,Sony,1891.17,True,2026-01-30 19:22:09.159993
P000555,books,Macmillan,51.72,True,2026-01-18 08:09:27.159993
P000556,electronics,Apple,542.14,True,2026-06-18 15:44:50.159993
P000557,grocery,Kroger,37.77,True,2026-04-14 23:08:46.159993
P000558,electronics,Apple,700.68,False,2026-05-18 12:05:36.159993
P000559,electronics,Apple,444.5,True,2026-06-19 02:39:33.159993
P000560,electronics,Samsung,120.18,True,2026-03-04 06:18:42.159993
P000561,electronics,Samsung,867.09,True,2026-02-03 17:46:41.159993
P000562,electronics,Apple,578.74,True,2026-04-04 07:16:54.159993
P000563,electronics,Samsung,197.63,False,2026-03-12 08:41:23.159993
P000564,electronics,Apple,1904.75,True,2026-01-05 12:44:32.159993
P000565,electronics,Apple,684.28,True,2026-03-07 20:25:17.159993
P000566,electronics,Apple,1883.35,True,2026-04-19 10:30:39.159993
P000567,electronics,Samsung,233.93,True,2026-05-06 09:08:43.159993
P000568,electronics,Samsung,953.56,True,2026-04-28 19:03:06.159993
P000569,fashion,H&M,65.61,True,2026-04-15 20:08:02.159993
P000570,electronics,Samsung,1069.19,True,2026-04-13 19:12:09.159993
P000571,electronics,Apple,971.97,True,2026-06-17 00:54:41.159993
P000572,electronics,Samsung,873.06,True,2026-04-17 08:04:33.159993
P000573,books,Simon & Schuster,21.71,False,2026-06-05 13:19:50.159993
P000574,electronics,Sony,1508.02,True,2025-12-26 12:06:17.159993
P000575,books,Macmillan,81.85,False,2026-02-01 01:48:57.159993
P000576,electronics,Apple,1838.36,True,2026-03-17 03:47:14.159993
P000577,beauty,Nivea,18.66,False,2026-06-05 13:50:38.159993
P000578,electronics,Samsung,730.06,True,2026-01-18 09:32:21.159993
P000579,electronics,LG,1237.77,True,2026-05-11 08:31:55.159993
P000580,sports,Adidas,1016.39,True,2026-02-26 10:19:22.159993
P000581,electronics,LG,498.49,True,2026-04-16 04:49:26.159993
P000582,electronics,Samsung,982.67,True,2026-01-31 18:09:54.159993
P000583,electronics,Samsung,835.47,True,2026-05-08 01:15:06.159993
P000584,electronics,Apple,1474.96,True,2026-03-02 22:30:53.159993
P000585,electronics,Samsung,1330.02,True,2026-06-11 09:11:26.159993
P000586,grocery,Aldi,33.73,True,2026-03-22 05:10:26.159993
P000587,home_living,Wayfair,896.13,True,2026-01-21 17:56:50.159993
P000588,electronics,Samsung,558.58,True,2026-01-14 09:02:32.159993
P000589,electronics,Sony,286.46,True,2026-02-19 06:08:55.159993
P000590,electronics,Dell,1278.55,True,2026-05-04 05:15:50.159993
P000591,electronics,Dell,1452.79,True,2026-03-26 23:17:26.159993
P000592,electronics,Dell,371.17,True,2026-04-18 04:02:15.159993
P000593,electronics,Sony,823.83,True,2026-05-31 04:55:13.159993
P000594,electronics,Samsung,1038.1,True,2026-06-10 22:05:13.159993
P000595,electronics,Apple,1528.15,False,2026-06-19 05:16:37.159993
P000596,electronics,Samsung,1359.57,True,2026-04-29 19:43:17.159993
P000597,electronics,Apple,1891.26,True,2026-03-30 06:24:28.159993
P000598,home_living,Wayfair,649.92,True,2026-01-18 04:38:57.159993
P000599,electronics,LG,308.14,True,2026-05-07 10:21:31.159993
P000600,electronics,Samsung,1070.06,True,2025-12-30 07:28:28.159993
P000601,electronics,Sony,1881.3,True,2026-03-07 23:53:13.159993
P000602,electronics,Samsung,668.37,True,2026-01-21 03:15:01.159993
P000603,electronics,LG,1296.91,True,2026-04-11 07:49:13.159993
P000604,electronics,Dell,1937.68,True,2026-02-24 12:02:00.159993
P000605,electronics,Samsung,1505.93,False,2026-01-24 17:35:11.159993
P000606,electronics,LG,365.97,True,2026-04-15 21:32:51.159993
P000607,electronics,LG,1009.71,True,2026-06-01 23:46:11.159993
P000608,electronics,Samsung,1748.7,True,2026-04-26 02:11:42.159993
P000609,electronics,Sony,822.73,True,2026-04-29 12:13:13.159993
P000610,electronics,Samsung,1977.72,True,2026-06-15 01:35:34.159993
P000611,electronics,Samsung,512.0,True,2025-12-27 02:40:00.159993
P000612,electronics,Dell,120.35,True,2026-01-22 19:47:59.159993
P000613,electronics,LG,405.81,False,2026-05-01 13:55:49.159993
P000614,electronics,LG,1211.22,False,2026-01-18 02:14:26.159993
P000615,electronics,LG,811.64,True,2026-06-12 22:58:49.159993
P000616,electronics,Apple,1001.09,True,2025-12-28 01:24:50.159993
P000617,electronics,LG,982.53,True,2026-05-07 13:13:43.159993
P000618,home_living,Home Depot,1231.99,True,2026-02-21 04:00:02.159993
P000619,electronics,Sony,1009.05,True,2026-04-11 05:01:49.159993
P000620,electronics,Dell,1248.68,True,2026-04-04 05:00:50.159993
P000621,home_living,Home Depot,620.9,True,2026-06-14 02:14:59.159993
P000622,electronics,Sony,371.41,True,2026-01-14 06:29:41.159993
P000623,grocery,Whole Foods,5.35,True,2026-02-26 09:13:41.159993
P000624,electronics,Apple,401.33,True,2026-05-22 03:21:07.159993
P000625,beauty,Dove,226.17,True,2025-12-24 15:03:09.159993
P000626,electronics,LG,1056.06,True,2026-05-27 00:58:14.159993
P000627,toys,Fisher-Price,62.03,True,2026-06-11 09:59:27.159993
P000628,beauty,Maybelline,251.53,True,2026-06-21 02:11:29.159993
P000629,electronics,Apple,1677.51,True,2026-03-06 22:26:37.159993
P000630,electronics,Sony,856.78,True,2026-04-19 21:41:46.159993
P000631,electronics,Sony,1717.28,True,2026-01-12 15:21:34.159993
P000632,electronics,Samsung,782.75,True,2026-03-15 13:32:02.159993
P000633,electronics,Sony,1471.94,False,2026-04-18 04:58:32.159993
P000634,electronics,Apple,1987.65,True,2026-02-17 05:18:18.159993
P000635,electronics,Sony,794.9,True,2026-04-14 05:48:34.159993
P000636,electronics,Sony,269.04,True,2026-04-22 08:50:25.159993
P000637,electronics,Sony,816.43,True,2026-05-01 09:51:01.159993
P000638,electronics,Samsung,303.17,True,2026-01-27 17:16:48.159993
P000639,home_living,Home Depot,674.01,True,2026-02-09 12:56:49.159993
P000640,toys,Hasbro,389.41,True,2026-01-22 05:56:48.159993
P000641,electronics,Samsung,1031.81,True,2026-06-06 07:38:10.159993
P000642,electronics,Apple,777.27,True,2026-02-14 11:12:34.159993
P000643,electronics,Sony,1834.47,True,2026-04-20 16:36:53.159993
P000644,electronics,LG,189.11,True,2026-04-02 13:32:31.159993
P000645,electronics,Sony,1972.5,True,2026-02-18 00:21:27.159993
P000646,electronics,Samsung,1100.42,True,2026-01-14 21:40:43.159993
P000647,electronics,LG,753.4,True,2026-03-11 07:55:07.159993
P000648,electronics,Apple,1706.26,True,2026-01-28 10:35:57.159993
P000649,electronics,Dell,1663.88,False,2026-03-12 10:38:47.159993
P000650,electronics,Sony,330.37,True,2026-05-31 02:47:07.159993
P000651,electronics,Samsung,799.02,True,2026-02-10 04:50:28.159993
P000652,electronics,Samsung,1405.91,True,2026-02-24 20:19:00.159993
P000653,fashion,Uniqlo,140.61,True,2026-02-22 18:29:33.159993
P000654,electronics,Samsung,755.13,True,2026-03-15 18:31:07.159993
P000655,sports,Puma,107.05,True,2026-05-29 12:07:45.159993
P000656,electronics,Sony,1844.7,True,2026-03-14 23:18:12.159993
P000657,electronics,Samsung,128.07,True,2026-01-17 11:26:15.159993
P000658,electronics,Apple,1009.91,True,2026-01-07 09:42:36.159993
P000659,electronics,Apple,181.9,True,2026-01-14 12:46:59.159993
P000660,electronics,Apple,722.67,True,2026-03-21 14:20:04.159993
P000661,electronics,Dell,499.43,False,2026-01-01 17:44:06.159993
P000662,home_living,Home Depot,1396.89,True,2026-05-02 07:30:42.159993
P000663,electronics,Apple,416.43,True,2026-06-08 13:08:48.159993
P000664,books,Penguin,58.71,True,2026-03-19 00:33:25.159993
P000665,electronics,Dell,1713.81,True,2026-02-07 04:46:03.159993
P000666,electronics,Apple,928.08,True,2026-01-26 12:46:16.159993
P000667,electronics,Apple,301.01,True,2026-05-05 00:33:10.159993
P000668,electronics,Sony,1135.87,True,2026-04-09 09:42:36.159993
P000669,home_living,Bed Bath & Beyond,709.86,True,2026-02-21 14:34:30.159993
P000670,electronics,Apple,937.31,True,2026-06-03 22:10:18.159993
P000671,electronics,Sony,301.49,True,2026-03-14 09:48:19.159993
P000672,electronics,Dell,574.61,True,2026-01-21 07:30:05.159993
P000673,electronics,Sony,500.63,True,2026-06-19 07:50:40.159993
P000674,electronics,Dell,1151.2,True,2026-01-01 10:04:02.159993
P000675,electronics,Samsung,953.37,True,2026-06-11 19:05:33.159993
P000676,beauty,Maybelline,91.61,True,2026-04-29 10:10:03.159993
P000677,electronics,Samsung,939.01,True,2026-05-26 00:50:00.159993
P000678,electronics,LG,144.37,True,2026-06-01 19:41:01.159993
P000679,electronics,Apple,1280.62,True,2026-01-29 18:13:06.159993
P000680,electronics,Samsung,962.16,True,2026-04-25 16:50:32.159993
P000681,electronics,Dell,270.62,True,2026-04-19 02:16:32.159993
P000682,electronics,Apple,1446.05,True,2026-06-02 03:21:10.159993
P000683,toys,Mattel,84.74,False,2026-02-27 12:21:48.159993
P000684,electronics,Dell,1874.6,True,2026-04-09 02:54:25.159993
P000685,electronics,Sony,1730.91,True,2026-01-25 11:15:06.159993
P000686,grocery,Aldi,3.82,False,2026-06-20 15:16:49.159993
P000687,electronics,Dell,1421.54,True,2026-05-17 02:23:02.159993
P000688,electronics,Apple,1532.29,True,2026-04-28 21:18:12.159993
P000689,electronics,Apple,677.0,True,2026-03-04 16:09:01.159993
P000690,electronics,Apple,294.63,True,2026-06-09 11:14:28.159993
P000691,electronics,Samsung,1704.2,True,2026-05-29 18:00:03.159993
P000692,electronics,LG,1094.93,True,2026-04-25 22:06:30.159993
P000693,electronics,Dell,748.02,True,2026-04-01 22:54:40.159993
P000694,electronics,LG,461.63,True,2025-12-31 16:22:05.159993
P000695,electronics,Dell,354.3,True,2026-02-20 08:19:27.159993
P000696,electronics,Sony,1613.76,False,2026-04-03 22:46:37.159993
P000697,electronics,Sony,1507.6,True,2026-03-24 00:01:12.159993
P000698,electronics,LG,982.47,True,2026-06-03 20:19:49.159993
P000699,electronics,Apple,197.26,True,2026-02-03 20:10:40.159993
P000700,electronics,Samsung,1213.44,True,2026-01-27 08:41:37.159993
P000701,electronics,Dell,847.69,True,2026-03-08 10:39:28.159993
P000702,electronics,Sony,1444.85,True,2026-02-12 11:16:32.159993
P000703,electronics,Apple,1588.79,True,2026-05-30 00:24:12.159993
P000704,electronics,Sony,431.83,True,2026-03-07 12:19:24.159993
P000705,electronics,Samsung,335.71,True,2026-02-04 15:23:43.159993
P000706,electronics,Apple,1978.74,True,2026-06-14 05:43:13.159993
P000707,electronics,Samsung,1431.91,True,2026-03-27 15:31:36.159993
P000708,electronics,Apple,163.15,True,2026-06-15 22:11:45.159993
P000709,electronics,Sony,1469.08,True,2026-02-09 23:13:22.159993
P000710,electronics,Samsung,1371.3,True,2026-04-03 19:12:38.159993
P000711,electronics,Sony,1217.93,True,2026-04-18 12:25:48.159993
P000712,grocery,Walmart,27.1,True,2026-06-07 11:53:27.159993
P000713,electronics,Dell,1793.11,True,2026-01-29 08:13:29.159993
P000714,books,HarperCollins,44.9,True,2026-02-16 00:56:58.159993
P000715,toys,Mattel,297.93,True,2026-03-16 14:11:34.159993
P000716,electronics,Samsung,223.06,False,2026-04-04 09:43:27.159993
P000717,books,Penguin,85.48,True,2026-03-04 13:27:28.159993
P000718,electronics,Apple,1719.5,True,2026-03-28 16:29:20.159993
P000719,electronics,Sony,1827.14,False,2026-03-13 00:37:24.159993
P000720,electronics,Samsung,121.26,True,2026-02-13 04:50:43.159993
P000721,electronics,Sony,1126.69,True,2026-05-15 23:51:23.159993
P000722,electronics,Samsung,455.23,True,2026-05-11 14:03:46.159993
P000723,electronics,Dell,1384.13,True,2026-06-10 02:52:07.159993
P000724,electronics,Apple,444.71,True,2026-02-19 09:16:10.159993
P000725,electronics,Samsung,1732.02,True,2026-02-03 18:52:48.159993
P000726,electronics,Apple,928.18,True,2026-06-09 23:50:20.159993
P000727,electronics,Dell,692.57,True,2026-02-21 00:46:48.159993
P000728,electronics,Sony,1285.83,True,2026-04-16 22:25:30.159993
P000729,grocery,Costco,44.81,True,2026-05-31 20:17:25.159993
P000730,electronics,Apple,1322.13,True,2026-01-01 13:51:55.159993
P000731,home_living,IKEA,448.45,True,2026-04-18 09:54:02.159993
P000732,toys,LEGO,220.12,True,2026-02-06 09:34:15.159993
P000733,fashion,H&M,393.68,True,2026-04-08 03:06:23.159993
P000734,toys,LEGO,155.02,True,2026-03-20 09:52:12.159993
P000735,electronics,Sony,1898.21,True,2026-02-24 06:19:06.159993
P000736,electronics,Apple,365.23,True,2026-03-11 20:57:23.159993
P000737,electronics,Apple,482.37,True,2026-04-16 07:20:22.159993
P000738,electronics,Apple,767.97,True,2026-04-09 10:44:08.159993
P000739,electronics,Samsung,172.97,True,2026-04-24 17:10:49.159993
P000740,beauty,Dove,222.9,True,2026-03-06 21:52:20.159993
P000741,electronics,LG,1657.77,True,2026-05-05 21:06:11.159993
P000742,electronics,Samsung,319.51,True,2026-01-13 10:13:38.159993
P000743,electronics,Apple,1834.29,True,2026-05-07 23:56:13.159993
P000744,electronics,Apple,824.67,True,2025-12-30 16:06:30.159993
P000745,electronics,Sony,1928.84,True,2026-03-09 05:12:33.159993
P000746,electronics,LG,577.19,True,2025-12-26 07:43:11.159993
P000747,electronics,Apple,427.5,True,2026-05-25 05:36:53.159993
P000748,electronics,Apple,1442.82,True,2026-01-11 00:06:54.159993
P000749,electronics,Sony,193.78,True,2026-01-31 09:48:55.159993
P000750,electronics,Apple,765.43,True,2026-05-21 16:57:18.159993
P000751,electronics,Samsung,408.73,True,2026-05-01 16:01:16.159993
P000752,electronics,Dell,1858.86,True,2026-06-01 01:17:59.159993
P000753,electronics,LG,691.62,True,2026-01-10 13:07:18.159993
P000754,home_living,Home Depot,998.49,False,2026-01-30 05:31:44.159993
P000755,electronics,Dell,439.64,True,2026-05-20 00:29:00.159993
P000756,electronics,Dell,1075.19,True,2026-04-27 01:28:33.159993
P000757,electronics,LG,330.69,True,2026-02-03 16:34:28.159993
P000758,books,Hachette,20.98,True,2026-04-09 20:14:03.159993
P000759,home_living,Lowe's,80.17,True,2026-02-17 06:50:45.159993
P000760,electronics,Apple,1031.49,True,2026-06-07 09:27:53.159993
P000761,beauty,Maybelline,198.42,True,2026-04-01 07:54:28.159993
P000762,electronics,Dell,1859.39,True,2025-12-26 11:07:28.159993
P000763,electronics,Apple,1986.37,True,2026-02-04 06:37:34.159993
P000764,books,HarperCollins,71.15,True,2026-04-06 07:04:34.159993
P000765,electronics,Samsung,1330.0,True,2026-04-05 02:22:37.159993
P000766,electronics,Samsung,229.31,False,2026-05-29 09:33:59.159993
P000767,electronics,Dell,1966.38,True,2026-01-21 16:46:53.159993
P000768,electronics,Apple,552.93,True,2026-04-02 23:21:01.159993
P000769,electronics,Sony,761.24,True,2025-12-28 04:09:55.159993
P000770,electronics,Samsung,1272.05,True,2026-03-12 03:26:38.159993
P000771,electronics,Sony,1098.48,True,2026-04-23 03:02:08.159993
P000772,electronics,Sony,545.84,True,2026-02-15 12:38:55.159993
P000773,electronics,Samsung,929.87,True,2026-01-31 06:43:01.159993
P000774,electronics,Apple,1604.87,True,2025-12-29 17:45:33.159993
P000775,electronics,Apple,1026.72,True,2025-12-25 05:05:02.159993
P000776,electronics,Samsung,980.91,True,2026-04-01 18:30:13.159993
P000777,electronics,Sony,1885.84,True,2026-04-15 22:59:54.159993
P000778,electronics,Sony,759.17,True,2026-01-25 00:10:45.159993
P000779,electronics,LG,1324.14,True,2026-03-23 10:33:59.159993
P000780,electronics,Samsung,930.67,False,2026-01-06 14:24:34.159993
P000781,toys,Nerf,220.22,True,2026-02-08 23:37:54.159993
P000782,electronics,Sony,188.19,True,2026-06-14 18:55:41.159993
P000783,electronics,LG,1511.59,False,2026-04-29 14:37:46.159993
P000784,electronics,Samsung,157.64,True,2026-04-02 05:06:43.159993
P000785,electronics,Samsung,188.57,True,2026-02-06 13:42:05.159993
P000786,electronics,Sony,701.62,True,2026-04-01 23:29:25.159993
P000787,electronics,Samsung,1652.19,True,2026-01-05 04:07:14.159993
P000788,home_living,Wayfair,1080.64,True,2026-05-15 15:57:41.159993
P000789,grocery,Walmart,5.28,True,2026-04-21 02:26:57.159993
P000790,electronics,LG,360.44,True,2026-01-12 02:58:43.159993
P000791,electronics,Apple,210.89,True,2026-02-14 02:35:55.159993
P000792,electronics,LG,108.82,True,2026-04-20 20:30:22.159993
P000793,electronics,Samsung,299.32,False,2026-01-11 05:22:29.159993
P000794,electronics,Sony,415.67,False,2026-06-01 23:02:56.159993
P000795,sports,Nike,664.38,True,2026-01-21 14:44:13.159993
P000796,electronics,Apple,609.16,True,2026-05-13 22:15:41.159993
P000797,electronics,Apple,1511.81,True,2026-03-05 04:05:05.159993
P000798,fashion,Adidas,257.74,True,2026-01-01 05:48:59.159993
P000799,electronics,Sony,563.74,True,2026-01-13 22:01:38.159993
P000800,electronics,Samsung,1455.26,False,2026-04-03 05:37:36.159993
P000801,electronics,Apple,373.91,True,2026-03-13 05:49:02.159993
P000802,electronics,Apple,1573.02,True,2026-03-16 11:18:53.159993
P000803,electronics,Samsung,282.39,True,2026-05-22 19:37:08.159993
P000804,home_living,Home Depot,935.51,True,2026-06-05 19:02:42.159993
P000805,books,HarperCollins,43.34,True,2026-02-26 17:25:58.159993
P000806,electronics,Apple,271.25,True,2026-05-01 09:44:49.159993
P000807,beauty,L'Oreal,74.33,True,2026-02-14 05:16:58.159993
P000808,beauty,Nivea,254.28,True,2026-03-17 21:40:26.159993
P000809,books,Penguin,64.16,False,2026-01-01 17:56:54.159993
P000810,books,Penguin,6.44,True,2026-05-20 07:40:43.159993
P000811,electronics,Dell,106.61,False,2026-04-06 22:31:15.159993
P000812,electronics,Apple,1705.52,True,2026-04-23 11:03:24.159993
P000813,electronics,Sony,156.58,False,2026-02-05 19:21:58.159993
P000814,electronics,LG,1318.54,True,2026-02-24 11:46:46.159993
P000815,grocery,Whole Foods,15.61,True,2026-05-23 16:43:28.159993
P000816,electronics,Samsung,1126.29,True,2026-05-20 09:25:11.159993
P000817,electronics,Sony,586.32,True,2026-06-14 05:41:07.159993
P000818,toys,Mattel,82.46,False,2026-02-03 07:28:15.159993
P000819,electronics,Dell,462.02,True,2025-12-26 23:35:34.159993
P000820,electronics,Samsung,440.62,True,2026-02-21 00:28:10.159993
P000821,electronics,Apple,1723.72,True,2026-05-01 15:16:50.159993
P000822,electronics,Dell,533.63,True,2026-06-11 10:27:49.159993
P000823,electronics,Apple,760.05,True,2026-04-08 17:19:22.159993
P000824,electronics,Dell,1754.59,True,2026-05-29 17:43:40.159993
P000825,electronics,Sony,1816.12,True,2026-01-29 16:12:53.159993
P000826,electronics,Apple,623.78,True,2026-04-25 13:41:36.159993
P000827,electronics,Dell,326.87,True,2026-02-03 15:58:46.159993
P000828,sports,Under Armour,1077.5,True,2026-05-18 23:30:04.159993
P000829,books,Penguin,34.71,True,2026-02-07 07:00:23.159993
P000830,electronics,Dell,1444.33,True,2025-12-28 02:00:38.159993
P000831,electronics,Apple,1512.11,False,2026-05-20 09:17:42.159993
P000832,electronics,Sony,197.18,True,2026-01-12 21:18:36.159993
P000833,electronics,Sony,269.1,True,2026-03-12 11:18:07.159993
P000834,electronics,Sony,1995.64,True,2026-01-14 12:28:07.159993
P000835,electronics,LG,1852.55,True,2026-01-08 12:16:40.159993
P000836,electronics,Dell,1875.69,True,2026-04-04 13:34:04.159993
P000837,electronics,Sony,1155.87,False,2026-04-16 11:53:37.159993
P000838,electronics,Dell,1035.16,False,2026-05-26 12:54:26.159993
P000839,toys,LEGO,30.73,True,2026-01-13 10:28:03.159993
P000840,toys,Fisher-Price,51.08,True,2026-05-15 15:26:21.159993
P000841,electronics,Dell,214.82,True,2026-06-05 13:08:58.159993
P000842,electronics,Apple,191.61,True,2025-12-26 10:03:01.159993
P000843,electronics,Apple,304.52,False,2026-03-11 08:08:59.159993
P000844,electronics,Samsung,459.84,False,2026-06-13 17:34:24.159993
P000845,electronics,Samsung,1606.54,True,2025-12-31 15:02:21.159993
P000846,electronics,Samsung,896.44,True,2026-01-10 17:17:17.159993
P000847,beauty,Dove,197.07,True,2026-02-26 17:03:12.159993
P000848,electronics,LG,1568.72,False,2026-06-03 21:25:47.159993
P000849,electronics,Samsung,1059.2,True,2026-05-10 08:12:20.159993
P000850,electronics,Dell,672.56,True,2026-05-04 08:59:42.159993
P000851,electronics,Dell,213.39,True,2026-05-03 04:44:14.159993
P000852,electronics,Dell,1388.94,True,2026-01-22 13:43:08.159993
P000853,electronics,Sony,1677.26,True,2026-04-05 09:29:43.159993
P000854,electronics,LG,270.75,True,2026-01-07 01:46:50.159993
P000855,electronics,Sony,1185.68,True,2026-04-07 00:15:20.159993
P000856,electronics,LG,791.93,True,2026-06-03 15:25:45.159993
P000857,electronics,Samsung,1910.95,True,2026-02-10 18:57:06.159993
P000858,electronics,Dell,1053.91,False,2026-01-25 09:33:42.159993
P000859,electronics,Samsung,1721.38,True,2025-12-29 07:31:24.159993
P000860,electronics,LG,729.47,True,2026-04-30 21:26:24.159993
P000861,electronics,Samsung,1857.3,True,2026-01-31 08:33:23.159993
P000862,electronics,Sony,1783.07,False,2026-06-01 10:24:06.159993
P000863,electronics,Samsung,1876.0,False,2026-06-18 05:11:02.159993
P000864,electronics,Apple,723.69,True,2026-06-02 12:16:46.159993
P000865,electronics,Samsung,678.15,True,2026-05-21 13:43:22.159993
P000866,electronics,Apple,920.6,True,2025-12-23 20:10:53.159993
P000867,electronics,Samsung,1286.29,True,2026-05-22 09:27:05.159993
P000868,electronics,Samsung,1467.0,True,2026-01-09 14:35:21.159993
P000869,beauty,Maybelline,279.78,True,2026-03-14 13:37:53.159993
P000870,electronics,LG,1323.98,True,2026-01-18 14:36:50.159993
P000871,grocery,Costco,26.45,True,2026-04-12 05:52:47.159993
P000872,electronics,LG,1307.54,True,2026-01-07 15:17:35.159993
P000873,electronics,Sony,646.85,True,2026-02-22 21:31:59.159993
P000874,electronics,Samsung,1778.8,True,2026-01-13 02:11:01.159993
P000875,home_living,Bed Bath & Beyond,1163.14,True,2026-05-17 10:42:19.159993
P000876,sports,Under Armour,1082.38,True,2026-02-24 17:45:24.159993
P000877,electronics,LG,1494.67,True,2026-02-25 03:41:26.159993
P000878,electronics,Sony,1375.57,True,2026-04-13 07:39:53.159993
P000879,electronics,Samsung,1178.98,True,2026-01-19 18:30:35.159993
P000880,electronics,LG,1367.88,True,2026-05-30 20:07:35.159993
P000881,electronics,Apple,1764.4,True,2026-02-08 15:26:21.159993
P000882,sports,Puma,540.45,True,2026-05-07 09:07:53.159993
P000883,electronics,Apple,1104.69,False,2026-05-01 01:02:46.159993
P000884,electronics,Apple,592.0,True,2026-03-05 13:43:20.159993
P000885,electronics,Apple,1724.8,True,2026-03-03 01:51:46.159993
P000886,electronics,Samsung,714.21,True,2026-06-20 16:51:59.159993
P000887,electronics,LG,1876.63,True,2026-06-10 05:24:26.159993
P000888,electronics,Samsung,217.17,True,2026-03-30 14:26:28.159993
P000889,electronics,Sony,889.74,True,2026-04-20 11:05:22.159993
P000890,electronics,LG,347.96,True,2026-03-10 11:11:48.159993
P000891,electronics,Sony,1668.5,True,2026-05-19 20:58:24.159993
P000892,books,Simon & Schuster,19.01,True,2026-05-04 23:14:16.159993
P000893,fashion,Adidas,156.29,True,2026-05-21 15:36:03.159993
P000894,electronics,LG,1387.22,False,2026-06-01 17:02:57.159993
P000895,electronics,Apple,487.63,True,2026-05-08 12:37:20.159993
P000896,books,HarperCollins,61.98,True,2026-06-12 10:39:18.159993
P000897,electronics,Samsung,1561.8,True,2026-05-14 11:26:54.159993
P000898,fashion,Zara,86.67,False,2026-01-19 17:16:49.159993
P000899,sports,Under Armour,1132.98,False,2026-02-01 06:06:15.159993
P000900,electronics,Sony,1752.18,True,2026-02-21 18:53:19.159993
P000901,grocery,Costco,49.1,True,2026-01-27 17:32:04.159993
P000902,electronics,Apple,493.12,True,2026-05-27 10:49:20.159993
P000903,electronics,LG,1205.79,True,2026-02-15 08:55:46.159993
P000904,electronics,Apple,483.23,False,2026-05-07 17:22:39.159993
P000905,electronics,Samsung,354.74,True,2025-12-29 04:39:15.159993
P000906,home_living,IKEA,661.16,True,2026-05-06 12:30:01.159993
P000907,electronics,LG,1911.53,True,2025-12-31 00:20:43.159993
P000908,fashion,Adidas,336.6,False,2026-05-06 16:31:20.159993
P000909,electronics,Samsung,679.7,True,2026-03-24 03:33:14.159993
P000910,electronics,Sony,360.6,False,2026-03-16 00:55:44.159993
P000911,electronics,Samsung,1740.99,True,2026-03-10 14:36:51.159993
P000912,electronics,Samsung,1468.14,False,2025-12-31 21:16:19.159993
P000913,electronics,Apple,1745.3,True,2026-05-24 00:25:03.159993
P000914,electronics,Apple,1300.83,True,2026-05-28 07:15:14.159993
P000915,electronics,Samsung,788.11,True,2026-03-03 18:13:04.159993
P000916,electronics,LG,382.73,False,2026-05-16 07:05:46.159993
P000917,electronics,Apple,549.32,True,2026-03-24 19:58:01.159993
P000918,electronics,LG,284.36,True,2026-02-18 22:03:42.159993
P000919,electronics,Dell,678.3,True,2026-05-25 04:22:50.159993
P000920,electronics,Sony,477.7,False,2026-03-29 17:12:53.159993
P000921,electronics,LG,285.0,False,2026-01-18 17:11:03.159993
P000922,electronics,Samsung,1803.24,True,2026-06-01 05:59:02.159993
P000923,beauty,Maybelline,286.61,True,2026-04-23 07:16:24.159993
P000924,electronics,Samsung,723.54,True,2026-04-28 09:07:06.159993
P000925,electronics,Samsung,1630.6,False,2026-03-24 01:02:42.159993
P000926,electronics,LG,1091.53,True,2026-02-09 07:24:52.159993
P000927,electronics,Samsung,1640.75,True,2026-02-25 11:43:54.159993
P000928,electronics,Sony,1542.52,True,2026-02-20 17:11:41.159993
P000929,electronics,Dell,644.09,False,2026-04-13 03:58:49.159993
P000930,electronics,Dell,1105.71,True,2026-03-11 04:07:34.159993
P000931,home_living,Home Depot,128.64,True,2026-05-11 18:43:22.159993
P000932,electronics,Dell,848.21,True,2026-04-21 16:29:39.159993
P000933,electronics,LG,1264.94,True,2026-01-21 13:38:53.159993
P000934,home_living,Home Depot,509.97,True,2026-02-10 06:03:32.159993
P000935,electronics,LG,1094.05,True,2026-03-09 03:07:46.159993
P000936,electronics,Apple,585.84,True,2026-04-26 03:54:23.159993
P000937,electronics,Sony,1807.84,False,2026-02-09 09:57:26.159993
P000938,electronics,Samsung,788.58,True,2026-05-04 21:45:10.159993
P000939,electronics,Sony,1542.39,True,2025-12-26 05:02:22.159993
P000940,electronics,Samsung,122.74,True,2026-04-05 20:20:30.159993
P000941,electronics,Sony,1195.18,True,2026-04-15 03:42:10.159993
P000942,electronics,Dell,846.42,False,2026-05-05 17:51:52.159993
P000943,electronics,Samsung,1140.36,True,2026-01-20 13:20:55.159993
P000944,electronics,Sony,161.9,True,2026-02-17 19:33:42.159993
P000945,electronics,Sony,1287.86,True,2026-01-27 08:30:58.159993
P000946,electronics,Apple,1945.74,False,2026-06-01 20:56:35.159993
P000947,sports,Under Armour,737.22,True,2026-01-04 03:01:55.159993
P000948,electronics,LG,961.55,True,2026-01-30 06:49:59.159993
P000949,electronics,Sony,419.56,True,2025-12-24 15:40:30.159993
P000950,fashion,H&M,414.19,False,2026-05-15 11:55:48.159993
P000951,books,Penguin,85.6,True,2026-04-24 05:21:04.159993
P000952,electronics,Apple,1174.25,True,2026-04-20 09:27:06.159993
P000953,electronics,Apple,452.68,True,2026-05-03 01:40:14.159993
P000954,electronics,Samsung,1799.27,True,2026-06-21 08:06:53.159993
P000955,electronics,Samsung,1153.35,True,2026-01-07 15:51:31.159993
P000956,grocery,Aldi,24.75,True,2026-03-27 13:29:28.159993
P000957,electronics,Sony,1937.89,True,2026-02-05 09:19:13.159993
P000958,electronics,Samsung,1533.89,False,2026-02-14 07:28:18.159993
P000959,electronics,Apple,1273.64,True,2026-06-02 22:19:03.159993
P000960,books,HarperCollins,11.21,True,2026-03-12 15:20:31.159993
P000961,toys,Hasbro,260.86,False,2026-04-14 05:18:09.159993
P000962,electronics,LG,146.56,False,2026-01-28 13:11:43.159993
P000963,electronics,LG,344.78,True,2026-03-19 19:51:05.159993
P000964,electronics,Apple,160.72,True,2026-06-18 22:24:42.159993
P000965,electronics,Samsung,549.05,True,2026-01-20 11:17:17.159993
P000966,electronics,LG,951.42,True,2026-04-25 04:40:04.159993
P000967,electronics,Sony,1629.27,True,2026-04-07 14:02:58.159993
P000968,electronics,Sony,506.73,True,2026-02-18 18:17:14.159993
P000969,electronics,Samsung,1988.87,True,2026-06-05 04:27:41.159993
P000970,electronics,Samsung,750.28,False,2026-05-16 10:18:05.159993
P000971,electronics,Sony,444.87,True,2026-04-24 22:51:49.159993
P000972,electronics,LG,1944.33,True,2025-12-26 06:25:00.159993
P000973,electronics,Sony,1012.91,False,2026-04-21 05:29:50.159993
P000974,beauty,Maybelline,89.43,True,2026-04-23 17:41:59.159993
P000975,beauty,Maybelline,197.12,True,2026-01-13 19:21:19.159993
P000976,electronics,Samsung,1278.46,True,2026-02-18 16:24:48.159993
P000977,electronics,Samsung,1140.0,True,2026-03-23 06:05:19.159993
P000978,sports,Puma,618.23,False,2026-01-31 14:14:13.159993
P000979,electronics,Samsung,1379.64,False,2026-02-24 17:46:28.159993
P000980,electronics,Sony,1005.65,True,2026-05-26 03:24:40.159993
P000981,electronics,LG,1764.41,True,2026-04-21 21:00:05.159993
P000982,electronics,Samsung,1213.74,True,2026-04-21 23:16:27.159993
P000983,electronics,Apple,813.84,True,2026-05-27 20:21:30.159993
P000984,fashion,Adidas,116.44,True,2026-03-21 18:47:04.159993
P000985,electronics,Apple,749.97,True,2026-05-06 09:34:02.159993
P000986,electronics,Samsung,504.36,True,2026-02-03 04:10:06.159993
P000987,electronics,Samsung,665.36,True,2026-04-27 13:47:58.159993
P000988,electronics,Dell,951.78,True,2026-04-21 18:06:30.159993
P000989,electronics,Sony,871.35,True,2026-05-10 16:51:32.159993
P000990,electronics,Dell,375.59,True,2026-03-25 21:45:07.159993
P000991,electronics,LG,859.29,True,2026-02-28 02:50:14.159993
P000992,toys,Hasbro,135.46,True,2026-03-02 03:12:10.159993
P000993,electronics,LG,827.63,True,2026-03-12 04:11:04.159993
P000994,home_living,Lowe's,1250.17,True,2026-06-11 20:26:42.159993
P000995,electronics,Sony,952.7,True,2026-04-07 07:14:17.159993
P000996,toys,Fisher-Price,356.46,True,2026-01-17 00:09:49.159993
P000997,electronics,LG,1002.0,False,2026-01-23 02:31:46.159993
P000998,electronics,Samsung,1771.97,True,2026-05-24 09:57:08.159993
P000999,electronics,Apple,1761.88,True,2026-04-14 06:56:22.159993
P001000,electronics,Samsung,191.78,False,2026-01-21 17:50:15.159993
